  0
SECTION
  2
HEADER
  9
$ACADVER
  1
AC1032
  9
$ACADMAINTVER
 90
4
  9
$DWGCODEPAGE
  3
ANSI_1252
  9
$LASTSAVEDBY
  1
ezdxf
  9
$REQUIREDVERSIONS
160
0
  9
$INSBASE
 10
0.0
 20
0.0
 30
0.0
  9
$EXTMIN
 10
1e+20
 20
1e+20
 30
1e+20
  9
$EXTMAX
 10
-1e+20
 20
-1e+20
 30
-1e+20
  9
$LIMMIN
 10
0.0
 20
0.0
  9
$LIMMAX
 10
420.0
 20
297.0
  9
$ORTHOMODE
 70
0
  9
$REGENMODE
 70
1
  9
$FILLMODE
 70
1
  9
$QTEXTMODE
 70
0
  9
$MIRRTEXT
 70
1
  9
$LTSCALE
 40
1.0
  9
$ATTMODE
 70
1
  9
$TEXTSIZE
 40
2.5
  9
$TRACEWID
 40
1.0
  9
$TEXTSTYLE
  7
OpenSans
  9
$CLAYER
  8
0
  9
$CELTYPE
  6
ByLayer
  9
$CECOLOR
 62
256
  9
$CELTSCALE
 40
1.0
  9
$DISPSILH
 70
0
  9
$DIMSCALE
 40
1.0
  9
$DIMASZ
 40
0.175
  9
$DIMEXO
 40
0.125
  9
$DIMDLI
 40
3.75
  9
$DIMRND
 40
0.0
  9
$DIMDLE
 40
0.0
  9
$DIMEXE
 40
0.375
  9
$DIMTP
 40
0.0
  9
$DIMTM
 40
0.0
  9
$DIMTXT
 40
0.25
  9
$DIMCEN
 40
2.5
  9
$DIMTSZ
 40
0.0
  9
$DIMTOL
 70
0
  9
$DIMLIM
 70
0
  9
$DIMTIH
 70
0
  9
$DIMTOH
 70
0
  9
$DIMSE1
 70
0
  9
$DIMSE2
 70
0
  9
$DIMTAD
 70
1
  9
$DIMZIN
 70
12
  9
$DIMBLK
  1
ARCHTICK
  9
$DIMASO
 70
1
  9
$DIMSHO
 70
1
  9
$DIMPOST
  1

  9
$DIMAPOST
  1

  9
$DIMALT
 70
0
  9
$DIMALTD
 70
3
  9
$DIMALTF
 40
0.03937007874
  9
$DIMLFAC
 40
100.0
  9
$DIMTOFL
 70
1
  9
$DIMTVP
 40
0.0
  9
$DIMTIX
 70
0
  9
$DIMSOXD
 70
0
  9
$DIMSAH
 70
0
  9
$DIMBLK1
  1

  9
$DIMBLK2
  1

  9
$DIMSTYLE
  2
EZDXF
  9
$DIMCLRD
 70
0
  9
$DIMCLRE
 70
0
  9
$DIMCLRT
 70
0
  9
$DIMTFAC
 40
0.5
  9
$DIMGAP
 40
0.1
  9
$DIMJUST
 70
0
  9
$DIMSD1
 70
0
  9
$DIMSD2
 70
0
  9
$DIMTOLJ
 70
0
  9
$DIMTZIN
 70
8
  9
$DIMALTZ
 70
0
  9
$DIMALTTZ
 70
0
  9
$DIMUPT
 70
1
  9
$DIMDEC
 70
2
  9
$DIMTDEC
 70
2
  9
$DIMALTU
 70
2
  9
$DIMALTTD
 70
3
  9
$DIMTXSTY
  7
OpenSansCondensed-Light
  9
$DIMAUNIT
 70
0
  9
$DIMADEC
 70
2
  9
$DIMALTRND
 40
0.0
  9
$DIMAZIN
 70
3
  9
$DIMDSEP
 70
46
  9
$DIMATFIT
 70
3
  9
$DIMFRAC
 70
0
  9
$DIMLDRBLK
  1

  9
$DIMLUNIT
 70
2
  9
$DIMLWD
 70
-2
  9
$DIMLWE
 70
-2
  9
$DIMTMOVE
 70
2
  9
$DIMFXL
 40
1.0
  9
$DIMFXLON
 70
0
  9
$DIMJOGANG
 40
0.785398163397
  9
$DIMTFILL
 70
0
  9
$DIMTFILLCLR
 70
0
  9
$DIMARCSYM
 70
0
  9
$DIMLTYPE
  6

  9
$DIMLTEX1
  6

  9
$DIMLTEX2
  6

  9
$DIMTXTDIRECTION
 70
0
  9
$LUNITS
 70
2
  9
$LUPREC
 70
4
  9
$SKETCHINC
 40
1.0
  9
$FILLETRAD
 40
10.0
  9
$AUNITS
 70
0
  9
$AUPREC
 70
2
  9
$MENU
  1
.
  9
$ELEVATION
 40
0.0
  9
$PELEVATION
 40
0.0
  9
$THICKNESS
 40
0.0
  9
$LIMCHECK
 70
0
  9
$CHAMFERA
 40
0.0
  9
$CHAMFERB
 40
0.0
  9
$CHAMFERC
 40
0.0
  9
$CHAMFERD
 40
0.0
  9
$SKPOLY
 70
0
  9
$TDCREATE
 40
2461322.7311689816
  9
$TDUCREATE
 40
2458532.153996898
  9
$TDUPDATE
 40
2461322.7311689816
  9
$TDUUPDATE
 40
2458532.1544311
  9
$TDINDWG
 40
0.0
  9
$TDUSRTIMER
 40
0.0
  9
$USRTIMER
 70
1
  9
$ANGBASE
 50
0.0
  9
$ANGDIR
 70
0
  9
$PDMODE
 70
0
  9
$PDSIZE
 40
0.0
  9
$PLINEWID
 40
0.0
  9
$SPLFRAME
 70
0
  9
$SPLINETYPE
 70
6
  9
$SPLINESEGS
 70
8
  9
$HANDSEED
  5
3E9
  9
$SURFTAB1
 70
6
  9
$SURFTAB2
 70
6
  9
$SURFTYPE
 70
6
  9
$SURFU
 70
6
  9
$SURFV
 70
6
  9
$UCSBASE
  2

  9
$UCSNAME
  2

  9
$UCSORG
 10
0.0
 20
0.0
 30
0.0
  9
$UCSXDIR
 10
1.0
 20
0.0
 30
0.0
  9
$UCSYDIR
 10
0.0
 20
1.0
 30
0.0
  9
$UCSORTHOREF
  2

  9
$UCSORTHOVIEW
 70
0
  9
$UCSORGTOP
 10
0.0
 20
0.0
 30
0.0
  9
$UCSORGBOTTOM
 10
0.0
 20
0.0
 30
0.0
  9
$UCSORGLEFT
 10
0.0
 20
0.0
 30
0.0
  9
$UCSORGRIGHT
 10
0.0
 20
0.0
 30
0.0
  9
$UCSORGFRONT
 10
0.0
 20
0.0
 30
0.0
  9
$UCSORGBACK
 10
0.0
 20
0.0
 30
0.0
  9
$PUCSBASE
  2

  9
$PUCSNAME
  2

  9
$PUCSORG
 10
0.0
 20
0.0
 30
0.0
  9
$PUCSXDIR
 10
1.0
 20
0.0
 30
0.0
  9
$PUCSYDIR
 10
0.0
 20
1.0
 30
0.0
  9
$PUCSORTHOREF
  2

  9
$PUCSORTHOVIEW
 70
0
  9
$PUCSORGTOP
 10
0.0
 20
0.0
 30
0.0
  9
$PUCSORGBOTTOM
 10
0.0
 20
0.0
 30
0.0
  9
$PUCSORGLEFT
 10
0.0
 20
0.0
 30
0.0
  9
$PUCSORGRIGHT
 10
0.0
 20
0.0
 30
0.0
  9
$PUCSORGFRONT
 10
0.0
 20
0.0
 30
0.0
  9
$PUCSORGBACK
 10
0.0
 20
0.0
 30
0.0
  9
$USERI1
 70
0
  9
$USERI2
 70
0
  9
$USERI3
 70
0
  9
$USERI4
 70
0
  9
$USERI5
 70
0
  9
$USERR1
 40
0.0
  9
$USERR2
 40
0.0
  9
$USERR3
 40
0.0
  9
$USERR4
 40
0.0
  9
$USERR5
 40
0.0
  9
$WORLDVIEW
 70
1
  9
$SHADEDGE
 70
3
  9
$SHADEDIF
 70
70
  9
$TILEMODE
 70
1
  9
$MAXACTVP
 70
64
  9
$PINSBASE
 10
0.0
 20
0.0
 30
0.0
  9
$PLIMCHECK
 70
0
  9
$PEXTMIN
 10
1e+20
 20
1e+20
 30
1e+20
  9
$PEXTMAX
 10
-1e+20
 20
-1e+20
 30
-1e+20
  9
$PLIMMIN
 10
0.0
 20
0.0
  9
$PLIMMAX
 10
420.0
 20
297.0
  9
$UNITMODE
 70
0
  9
$VISRETAIN
 70
1
  9
$PLINEGEN
 70
0
  9
$PSLTSCALE
 70
1
  9
$TREEDEPTH
 70
3020
  9
$CMLSTYLE
  2
Standard
  9
$CMLJUST
 70
0
  9
$CMLSCALE
 40
20.0
  9
$PROXYGRAPHICS
 70
1
  9
$MEASUREMENT
 70
1
  9
$CELWEIGHT
370
-1
  9
$ENDCAPS
280
0
  9
$JOINSTYLE
280
0
  9
$LWDISPLAY
290
0
  9
$INSUNITS
 70
0
  9
$HYPERLINKBASE
  1

  9
$STYLESHEET
  1

  9
$XEDIT
290
1
  9
$CEPSNTYPE
380
0
  9
$PSTYLEMODE
290
1
  9
$FINGERPRINTGUID
  2
{67252088-86D8-4934-B7B7-85A0C9E4A827}
  9
$VERSIONGUID
  2
{AABB978A-36B4-42BA-A5EE-4D1AB813AB2F}
  9
$EXTNAMES
290
1
  9
$PSVPSCALE
 40
0.0
  9
$OLESTARTUP
290
0
  9
$SORTENTS
280
127
  9
$INDEXCTL
280
0
  9
$HIDETEXT
280
1
  9
$XCLIPFRAME
280
1
  9
$HALOGAP
280
0
  9
$OBSCOLOR
 70
257
  9
$OBSLTYPE
280
0
  9
$INTERSECTIONDISPLAY
280
0
  9
$INTERSECTIONCOLOR
 70
257
  9
$DIMASSOC
280
2
  9
$PROJECTNAME
  1

  9
$CAMERADISPLAY
290
0
  9
$LENSLENGTH
 40
50.0
  9
$CAMERAHEIGHT
 40
0.0
  9
$STEPSPERSEC
 40
24.0
  9
$STEPSIZE
 40
100.0
  9
$3DDWFPREC
 40
2.0
  9
$PSOLWIDTH
 40
0.005
  9
$PSOLHEIGHT
 40
0.08
  9
$LOFTANG1
 40
1.570796326795
  9
$LOFTANG2
 40
1.570796326795
  9
$LOFTMAG1
 40
0.0
  9
$LOFTMAG2
 40
0.0
  9
$LOFTPARAM
 70
7
  9
$LOFTNORMALS
280
1
  9
$LATITUDE
 40
37.795
  9
$LONGITUDE
 40
-122.394
  9
$NORTHDIRECTION
 40
0.0
  9
$TIMEZONE
 70
-8000
  9
$LIGHTGLYPHDISPLAY
280
1
  9
$TILEMODELIGHTSYNCH
280
1
  9
$CMATERIAL
347
20
  9
$SOLIDHIST
280
0
  9
$SHOWHIST
280
1
  9
$DWFFRAME
280
2
  9
$DGNFRAME
280
2
  9
$REALWORLDSCALE
290
1
  9
$INTERFERECOLOR
 62
256
  9
$CSHADOW
280
0
  9
$SHADOWPLANELOCATION
 40
0.0
  0
ENDSEC
  0
SECTION
  2
CLASSES
  0
CLASS
  1
ACDBDICTIONARYWDFLT
  2
AcDbDictionaryWithDefault
  3
ObjectDBX Classes
 90
0
 91
0
280
0
281
0
  0
CLASS
  1
SUN
  2
AcDbSun
  3
SCENEOE
 90
1153
 91
0
280
0
281
0
  0
CLASS
  1
VISUALSTYLE
  2
AcDbVisualStyle
  3
ObjectDBX Classes
 90
4095
 91
0
280
0
281
0
  0
CLASS
  1
MATERIAL
  2
AcDbMaterial
  3
ObjectDBX Classes
 90
1153
 91
0
280
0
281
0
  0
CLASS
  1
SCALE
  2
AcDbScale
  3
ObjectDBX Classes
 90
1153
 91
0
280
0
281
0
  0
CLASS
  1
TABLESTYLE
  2
AcDbTableStyle
  3
ObjectDBX Classes
 90
4095
 91
0
280
0
281
0
  0
CLASS
  1
MLEADERSTYLE
  2
AcDbMLeaderStyle
  3
ACDB_MLEADERSTYLE_CLASS
 90
4095
 91
0
280
0
281
0
  0
CLASS
  1
DICTIONARYVAR
  2
AcDbDictionaryVar
  3
ObjectDBX Classes
 90
0
 91
0
280
0
281
0
  0
CLASS
  1
CELLSTYLEMAP
  2
AcDbCellStyleMap
  3
ObjectDBX Classes
 90
1152
 91
0
280
0
281
0
  0
CLASS
  1
MENTALRAYRENDERSETTINGS
  2
AcDbMentalRayRenderSettings
  3
SCENEOE
 90
1024
 91
0
280
0
281
0
  0
CLASS
  1
ACDBDETAILVIEWSTYLE
  2
AcDbDetailViewStyle
  3
ObjectDBX Classes
 90
1025
 91
0
280
0
281
0
  0
CLASS
  1
ACDBSECTIONVIEWSTYLE
  2
AcDbSectionViewStyle
  3
ObjectDBX Classes
 90
1025
 91
0
280
0
281
0
  0
CLASS
  1
RASTERVARIABLES
  2
AcDbRasterVariables
  3
ISM
 90
0
 91
0
280
0
281
0
  0
CLASS
  1
ACDBPLACEHOLDER
  2
AcDbPlaceHolder
  3
ObjectDBX Classes
 90
0
 91
0
280
0
281
0
  0
CLASS
  1
LAYOUT
  2
AcDbLayout
  3
ObjectDBX Classes
 90
0
 91
0
280
0
281
0
  0
ENDSEC
  0
SECTION
  2
TABLES
  0
TABLE
  2
VPORT
  5
8
330
0
100
AcDbSymbolTable
 70
1
  0
VPORT
  5
23
330
8
100
AcDbSymbolTableRecord
100
AcDbViewportTableRecord
  2
*Active
 70
0
 10
0.0
 20
0.0
 11
1.0
 21
1.0
 12
0.0
 22
0.0
 13
0.0
 23
0.0
 14
0.5
 24
0.5
 15
0.5
 25
0.5
 16
0.0
 26
0.0
 36
1.0
 17
0.0
 27
0.0
 37
0.0
 40
1000.0
 41
1.34
 42
50.0
 43
0.0
 44
0.0
 50
0.0
 51
0.0
 71
0
 72
1000
 73
1
 74
3
 75
0
 76
0
 77
0
 78
0
281
0
 65
0
146
0.0
  0
ENDTAB
  0
TABLE
  2
LTYPE
  5
2
330
0
100
AcDbSymbolTable
 70
21
  0
LTYPE
  5
24
330
2
100
AcDbSymbolTableRecord
100
AcDbLinetypeTableRecord
  2
ByBlock
 70
0
  3

 72
65
 73
0
 40
0.0
  0
LTYPE
  5
25
330
2
100
AcDbSymbolTableRecord
100
AcDbLinetypeTableRecord
  2
ByLayer
 70
0
  3

 72
65
 73
0
 40
0.0
  0
LTYPE
  5
26
330
2
100
AcDbSymbolTableRecord
100
AcDbLinetypeTableRecord
  2
Continuous
 70
0
  3

 72
65
 73
0
 40
0.0
  0
LTYPE
  5
2F
330
2
100
AcDbSymbolTableRecord
100
AcDbLinetypeTableRecord
  2
CENTER
 70
0
  3
Center ____ _ ____ _ ____ _ ____ _ ____ _ ____
 72
65
 73
4
 40
5.08
 49
3.175
 74
0
 49
-0.635
 74
0
 49
0.635
 74
0
 49
-0.635
 74
0
  0
LTYPE
  5
30
330
2
100
AcDbSymbolTableRecord
100
AcDbLinetypeTableRecord
  2
CENTERX2
 70
0
  3
Center (2x) ________  __  ________  __  ________
 72
65
 73
4
 40
8.89
 49
6.35
 74
0
 49
-0.635
 74
0
 49
1.27
 74
0
 49
-0.635
 74
0
  0
LTYPE
  5
31
330
2
100
AcDbSymbolTableRecord
100
AcDbLinetypeTableRecord
  2
CENTER2
 70
0
  3
Center (.5x) ____ _ ____ _ ____ _ ____ _ ____
 72
65
 73
4
 40
2.54
 49
1.587
 74
0
 49
-0.318
 74
0
 49
0.318
 74
0
 49
-0.318
 74
0
  0
LTYPE
  5
32
330
2
100
AcDbSymbolTableRecord
100
AcDbLinetypeTableRecord
  2
DASHED
 70
0
  3
Dashed __ __ __ __ __ __ __ __ __ __ __ __ __ _
 72
65
 73
2
 40
1.524
 49
1.27
 74
0
 49
-0.254
 74
0
  0
LTYPE
  5
33
330
2
100
AcDbSymbolTableRecord
100
AcDbLinetypeTableRecord
  2
DASHEDX2
 70
0
  3
Dashed (2x) ____  ____  ____  ____  ____  ____
 72
65
 73
2
 40
3.048
 49
2.54
 74
0
 49
-0.508
 74
0
  0
LTYPE
  5
34
330
2
100
AcDbSymbolTableRecord
100
AcDbLinetypeTableRecord
  2
DASHED2
 70
0
  3
Dashed (.5x) _ _ _ _ _ _ _ _ _ _ _ _ _ _
 72
65
 73
2
 40
0.762
 49
0.635
 74
0
 49
-0.127
 74
0
  0
LTYPE
  5
35
330
2
100
AcDbSymbolTableRecord
100
AcDbLinetypeTableRecord
  2
PHANTOM
 70
0
  3
Phantom ______  __  __  ______  __  __  ______
 72
65
 73
6
 40
6.35
 49
3.175
 74
0
 49
-0.635
 74
0
 49
0.635
 74
0
 49
-0.635
 74
0
 49
0.635
 74
0
 49
-0.635
 74
0
  0
LTYPE
  5
36
330
2
100
AcDbSymbolTableRecord
100
AcDbLinetypeTableRecord
  2
PHANTOMX2
 70
0
  3
Phantom (2x)____________    ____    ____    ____________
 72
65
 73
6
 40
10.795
 49
6.35
 74
0
 49
-0.635
 74
0
 49
1.27
 74
0
 49
-0.635
 74
0
 49
1.27
 74
0
 49
-0.635
 74
0
  0
LTYPE
  5
37
330
2
100
AcDbSymbolTableRecord
100
AcDbLinetypeTableRecord
  2
PHANTOM2
 70
0
  3
Phantom (.5x) ___ _ _ ___ _ _ ___ _ _ ___ _ _ ___
 72
65
 73
6
 40
3.175
 49
1.587
 74
0
 49
-0.318
 74
0
 49
0.318
 74
0
 49
-0.318
 74
0
 49
0.318
 74
0
 49
-0.318
 74
0
  0
LTYPE
  5
38
330
2
100
AcDbSymbolTableRecord
100
AcDbLinetypeTableRecord
  2
DASHDOT
 70
0
  3
Dash dot __ . __ . __ . __ . __ . __ . __ . __
 72
65
 73
4
 40
3.556
 49
2.54
 74
0
 49
-0.508
 74
0
 49
0.0
 74
0
 49
-0.508
 74
0
  0
LTYPE
  5
39
330
2
100
AcDbSymbolTableRecord
100
AcDbLinetypeTableRecord
  2
DASHDOTX2
 70
0
  3
Dash dot (2x) ____  .  ____  .  ____  .  ____
 72
65
 73
4
 40
6.096
 49
5.08
 74
0
 49
-0.508
 74
0
 49
0.0
 74
0
 49
-0.508
 74
0
  0
LTYPE
  5
3A
330
2
100
AcDbSymbolTableRecord
100
AcDbLinetypeTableRecord
  2
DASHDOT2
 70
0
  3
Dash dot (.5x) _ . _ . _ . _ . _ . _ . _ . _
 72
65
 73
4
 40
1.778
 49
1.27
 74
0
 49
-0.254
 74
0
 49
0.0
 74
0
 49
-0.254
 74
0
  0
LTYPE
  5
3B
330
2
100
AcDbSymbolTableRecord
100
AcDbLinetypeTableRecord
  2
DOT
 70
0
  3
Dot .  .  .  .  .  .  .  .  .  .  .  .  .  .  .  .
 72
65
 73
2
 40
0.508
 49
0.0
 74
0
 49
-0.508
 74
0
  0
LTYPE
  5
3C
330
2
100
AcDbSymbolTableRecord
100
AcDbLinetypeTableRecord
  2
DOTX2
 70
0
  3
Dot (2x) .    .    .    .    .    .    .    . 
 72
65
 73
2
 40
1.016
 49
0.0
 74
0
 49
-1.016
 74
0
  0
LTYPE
  5
3D
330
2
100
AcDbSymbolTableRecord
100
AcDbLinetypeTableRecord
  2
DOT2
 70
0
  3
Dot (.5) . . . . . . . . . . . . . . . . . . . 
 72
65
 73
2
 40
0.254
 49
0.0
 74
0
 49
-0.254
 74
0
  0
LTYPE
  5
3E
330
2
100
AcDbSymbolTableRecord
100
AcDbLinetypeTableRecord
  2
DIVIDE
 70
0
  3
Divide __ . . __ . . __ . . __ . . __ . . __
 72
65
 73
6
 40
4.064
 49
2.54
 74
0
 49
-0.508
 74
0
 49
0.0
 74
0
 49
-0.508
 74
0
 49
0.0
 74
0
 49
-0.508
 74
0
  0
LTYPE
  5
3F
330
2
100
AcDbSymbolTableRecord
100
AcDbLinetypeTableRecord
  2
DIVIDEX2
 70
0
  3
Divide (2x) ____  . .  ____  . .  ____  . .  ____
 72
65
 73
6
 40
6.604
 49
5.08
 74
0
 49
-0.508
 74
0
 49
0.0
 74
0
 49
-0.508
 74
0
 49
0.0
 74
0
 49
-0.508
 74
0
  0
LTYPE
  5
40
330
2
100
AcDbSymbolTableRecord
100
AcDbLinetypeTableRecord
  2
DIVIDE2
 70
0
  3
Divide(.5x) _ . _ . _ . _ . _ . _ . _ . _
 72
65
 73
6
 40
2.032
 49
1.27
 74
0
 49
-0.254
 74
0
 49
0.0
 74
0
 49
-0.254
 74
0
 49
0.0
 74
0
 49
-0.254
 74
0
  0
ENDTAB
  0
TABLE
  2
LAYER
  5
1
330
0
100
AcDbSymbolTable
 70
18
  0
LAYER
  5
27
330
1
100
AcDbSymbolTableRecord
100
AcDbLayerTableRecord
  2
0
 70
0
 62
7
  6
Continuous
370
-3
390
13
347
21
  0
LAYER
  5
28
330
1
100
AcDbSymbolTableRecord
100
AcDbLayerTableRecord
  2
Defpoints
 70
0
 62
7
  6
Continuous
290
0
370
-3
390
13
347
21
  0
LAYER
  5
8A
330
1
100
AcDbSymbolTableRecord
100
AcDbLayerTableRecord
  2
A-BORDER
 70
0
 62
7
  6
Continuous
370
-3
390
13
347
21
  0
LAYER
  5
8B
330
1
100
AcDbSymbolTableRecord
100
AcDbLayerTableRecord
  2
A-TITLE
 70
0
 62
7
  6
Continuous
370
-3
390
13
347
21
  0
LAYER
  5
8C
330
1
100
AcDbSymbolTableRecord
100
AcDbLayerTableRecord
  2
A-STRUCT
 70
0
 62
7
  6
Continuous
370
-3
390
13
347
21
  0
LAYER
  5
8D
330
1
100
AcDbSymbolTableRecord
100
AcDbLayerTableRecord
  2
A-ANT-EXIST
 70
0
 62
8
  6
Continuous
370
-3
390
13
347
21
  0
LAYER
  5
8E
330
1
100
AcDbSymbolTableRecord
100
AcDbLayerTableRecord
  2
A-ANT-NEW
 70
0
 62
1
  6
Continuous
370
-3
390
13
347
21
  0
LAYER
  5
8F
330
1
100
AcDbSymbolTableRecord
100
AcDbLayerTableRecord
  2
A-ANT-REMOVE
 70
0
 62
30
  6
DASHED
370
-3
390
13
347
21
  0
LAYER
  5
90
330
1
100
AcDbSymbolTableRecord
100
AcDbLayerTableRecord
  2
A-RRU-EXIST
 70
0
 62
8
  6
Continuous
370
-3
390
13
347
21
  0
LAYER
  5
91
330
1
100
AcDbSymbolTableRecord
100
AcDbLayerTableRecord
  2
A-RRU-NEW
 70
0
 62
1
  6
Continuous
370
-3
390
13
347
21
  0
LAYER
  5
92
330
1
100
AcDbSymbolTableRecord
100
AcDbLayerTableRecord
  2
A-RRU-REMOVE
 70
0
 62
30
  6
DASHED
370
-3
390
13
347
21
  0
LAYER
  5
93
330
1
100
AcDbSymbolTableRecord
100
AcDbLayerTableRecord
  2
A-MOUNT
 70
0
 62
5
  6
Continuous
370
-3
390
13
347
21
  0
LAYER
  5
94
330
1
100
AcDbSymbolTableRecord
100
AcDbLayerTableRecord
  2
A-CABLE
 70
0
 62
3
  6
Continuous
370
-3
390
13
347
21
  0
LAYER
  5
95
330
1
100
AcDbSymbolTableRecord
100
AcDbLayerTableRecord
  2
A-TEXT
 70
0
 62
7
  6
Continuous
370
-3
390
13
347
21
  0
LAYER
  5
96
330
1
100
AcDbSymbolTableRecord
100
AcDbLayerTableRecord
  2
A-TABLE
 70
0
 62
7
  6
Continuous
370
-3
390
13
347
21
  0
LAYER
  5
97
330
1
100
AcDbSymbolTableRecord
100
AcDbLayerTableRecord
  2
A-DIM
 70
0
 62
4
  6
Continuous
370
-3
390
13
347
21
  0
LAYER
  5
98
330
1
100
AcDbSymbolTableRecord
100
AcDbLayerTableRecord
  2
E-GROUND
 70
0
 62
2
  6
Continuous
370
-3
390
13
347
21
  0
LAYER
  5
3C9
330
1
100
AcDbSymbolTableRecord
100
AcDbLayerTableRecord
  2
A-REV
 70
0
 62
1
  6
Continuous
370
-3
390
13
347
21
  0
ENDTAB
  0
TABLE
  2
STYLE
  5
5
330
0
100
AcDbSymbolTable
 70
26
  0
STYLE
  5
29
330
5
100
AcDbSymbolTableRecord
100
AcDbTextStyleTableRecord
  2
Standard
 70
0
 40
0.0
 41
1.0
 50
0.0
 71
0
 42
2.5
  3
txt
  4

  0
STYLE
  5
41
330
5
100
AcDbSymbolTableRecord
100
AcDbTextStyleTableRecord
  2
OpenSans-Light
 70
0
 40
0.0
 41
1.0
 50
0.0
 71
0
 42
2.5
  3
OpenSans-Light.ttf
  4

  0
STYLE
  5
42
330
5
100
AcDbSymbolTableRecord
100
AcDbTextStyleTableRecord
  2
OpenSans-Light-Italic
 70
0
 40
0.0
 41
1.0
 50
0.0
 71
0
 42
2.5
  3
OpenSans-LightItalic.ttf
  4

  0
STYLE
  5
43
330
5
100
AcDbSymbolTableRecord
100
AcDbTextStyleTableRecord
  2
OpenSans
 70
0
 40
0.0
 41
1.0
 50
0.0
 71
0
 42
2.5
  3
OpenSans-Regular.ttf
  4

  0
STYLE
  5
44
330
5
100
AcDbSymbolTableRecord
100
AcDbTextStyleTableRecord
  2
OpenSans-Italic
 70
0
 40
0.0
 41
1.0
 50
0.0
 71
0
 42
2.5
  3
OpenSans-Italic.ttf
  4

  0
STYLE
  5
45
330
5
100
AcDbSymbolTableRecord
100
AcDbTextStyleTableRecord
  2
OpenSans-SemiBold
 70
0
 40
0.0
 41
1.0
 50
0.0
 71
0
 42
2.5
  3
OpenSans-SemiBold.ttf
  4

  0
STYLE
  5
46
330
5
100
AcDbSymbolTableRecord
100
AcDbTextStyleTableRecord
  2
OpenSans-SemiBoldItalic
 70
0
 40
0.0
 41
1.0
 50
0.0
 71
0
 42
2.5
  3
OpenSans-SemiBoldItalic.ttf
  4

  0
STYLE
  5
47
330
5
100
AcDbSymbolTableRecord
100
AcDbTextStyleTableRecord
  2
OpenSans-Bold
 70
0
 40
0.0
 41
1.0
 50
0.0
 71
0
 42
2.5
  3
OpenSans-Bold.ttf
  4

  0
STYLE
  5
48
330
5
100
AcDbSymbolTableRecord
100
AcDbTextStyleTableRecord
  2
OpenSans-BoldItalic
 70
0
 40
0.0
 41
1.0
 50
0.0
 71
0
 42
2.5
  3
OpenSans-BoldItalic.ttf
  4

  0
STYLE
  5
49
330
5
100
AcDbSymbolTableRecord
100
AcDbTextStyleTableRecord
  2
OpenSans-ExtraBold
 70
0
 40
0.0
 41
1.0
 50
0.0
 71
0
 42
2.5
  3
OpenSans-ExtraBold.ttf
  4

  0
STYLE
  5
4A
330
5
100
AcDbSymbolTableRecord
100
AcDbTextStyleTableRecord
  2
OpenSans-ExtraBoldItalic
 70
0
 40
0.0
 41
1.0
 50
0.0
 71
0
 42
2.5
  3
OpenSans-ExtraBoldItalic.ttf
  4

  0
STYLE
  5
4B
330
5
100
AcDbSymbolTableRecord
100
AcDbTextStyleTableRecord
  2
OpenSansCondensed-Bold
 70
0
 40
0.0
 41
1.0
 50
0.0
 71
0
 42
2.5
  3
OpenSansCondensed-Bold.ttf
  4

  0
STYLE
  5
4C
330
5
100
AcDbSymbolTableRecord
100
AcDbTextStyleTableRecord
  2
OpenSansCondensed-Light
 70
0
 40
0.0
 41
1.0
 50
0.0
 71
0
 42
2.5
  3
OpenSansCondensed-Light.ttf
  4

  0
STYLE
  5
4D
330
5
100
AcDbSymbolTableRecord
100
AcDbTextStyleTableRecord
  2
OpenSansCondensed-Italic
 70
0
 40
0.0
 41
1.0
 50
0.0
 71
0
 42
2.5
  3
OpenSansCondensed-LightItalic.ttf
  4

  0
STYLE
  5
4E
330
5
100
AcDbSymbolTableRecord
100
AcDbTextStyleTableRecord
  2
LiberationSans
 70
0
 40
0.0
 41
1.0
 50
0.0
 71
0
 42
2.5
  3
LiberationSans-Regular.ttf
  4

  0
STYLE
  5
4F
330
5
100
AcDbSymbolTableRecord
100
AcDbTextStyleTableRecord
  2
LiberationSans-Bold
 70
0
 40
0.0
 41
1.0
 50
0.0
 71
0
 42
2.5
  3
LiberationSans-Bold.ttf
  4

  0
STYLE
  5
50
330
5
100
AcDbSymbolTableRecord
100
AcDbTextStyleTableRecord
  2
LiberationSans-BoldItalic
 70
0
 40
0.0
 41
1.0
 50
0.0
 71
0
 42
2.5
  3
LiberationSans-BoldItalic.ttf
  4

  0
STYLE
  5
51
330
5
100
AcDbSymbolTableRecord
100
AcDbTextStyleTableRecord
  2
LiberationSans-Italic
 70
0
 40
0.0
 41
1.0
 50
0.0
 71
0
 42
2.5
  3
LiberationSans-Italic.ttf
  4

  0
STYLE
  5
52
330
5
100
AcDbSymbolTableRecord
100
AcDbTextStyleTableRecord
  2
LiberationSerif
 70
0
 40
0.0
 41
1.0
 50
0.0
 71
0
 42
2.5
  3
LiberationSerif-Regular.ttf
  4

  0
STYLE
  5
53
330
5
100
AcDbSymbolTableRecord
100
AcDbTextStyleTableRecord
  2
LiberationSerif-Bold
 70
0
 40
0.0
 41
1.0
 50
0.0
 71
0
 42
2.5
  3
LiberationSerif-Bold.ttf
  4

  0
STYLE
  5
54
330
5
100
AcDbSymbolTableRecord
100
AcDbTextStyleTableRecord
  2
LiberationSerif-BoldItalic
 70
0
 40
0.0
 41
1.0
 50
0.0
 71
0
 42
2.5
  3
LiberationSerif-BoldItalic.ttf
  4

  0
STYLE
  5
55
330
5
100
AcDbSymbolTableRecord
100
AcDbTextStyleTableRecord
  2
LiberationSerif-Italic
 70
0
 40
0.0
 41
1.0
 50
0.0
 71
0
 42
2.5
  3
LiberationSerif-Italic.ttf
  4

  0
STYLE
  5
56
330
5
100
AcDbSymbolTableRecord
100
AcDbTextStyleTableRecord
  2
LiberationMono
 70
0
 40
0.0
 41
1.0
 50
0.0
 71
0
 42
2.5
  3
LiberationMono-Regular.ttf
  4

  0
STYLE
  5
57
330
5
100
AcDbSymbolTableRecord
100
AcDbTextStyleTableRecord
  2
LiberationMono-Bold
 70
0
 40
0.0
 41
1.0
 50
0.0
 71
0
 42
2.5
  3
LiberationMono-Bold.ttf
  4

  0
STYLE
  5
58
330
5
100
AcDbSymbolTableRecord
100
AcDbTextStyleTableRecord
  2
LiberationMono-BoldItalic
 70
0
 40
0.0
 41
1.0
 50
0.0
 71
0
 42
2.5
  3
LiberationMono-BoldItalic.ttf
  4

  0
STYLE
  5
59
330
5
100
AcDbSymbolTableRecord
100
AcDbTextStyleTableRecord
  2
LiberationMono-Italic
 70
0
 40
0.0
 41
1.0
 50
0.0
 71
0
 42
2.5
  3
LiberationMono-Italic.ttf
  4

  0
ENDTAB
  0
TABLE
  2
VIEW
  5
7
330
0
100
AcDbSymbolTable
 70
0
  0
ENDTAB
  0
TABLE
  2
UCS
  5
6
330
0
100
AcDbSymbolTable
 70
0
  0
ENDTAB
  0
TABLE
  2
APPID
  5
3
330
0
100
AcDbSymbolTable
 70
3
  0
APPID
  5
2A
330
3
100
AcDbSymbolTableRecord
100
AcDbRegAppTableRecord
  2
ACAD
 70
0
  0
APPID
  5
3AB
330
3
100
AcDbSymbolTableRecord
100
AcDbRegAppTableRecord
  2
HATCHBACKGROUNDCOLOR
 70
0
  0
APPID
  5
3AC
330
3
100
AcDbSymbolTableRecord
100
AcDbRegAppTableRecord
  2
EZDXF
 70
0
  0
ENDTAB
  0
TABLE
  2
DIMSTYLE
  5
4
330
0
100
AcDbSymbolTable
 70
12
100
AcDbDimStyleTable
  0
DIMSTYLE
105
2B
330
4
100
AcDbSymbolTableRecord
100
AcDbDimStyleTableRecord
  2
Standard
 70
0
 40
1.0
 41
2.5
 42
0.625
 43
3.75
 44
1.25
 45
0.0
 46
0.0
 47
0.0
 48
0.0
 49
2.5
140
2.5
141
2.5
142
0.0
143
0.03937007874
144
1.0
145
0.0
146
1.0
147
0.625
148
0.0
 69
0
 70
0
 71
0
 72
0
 73
0
 74
0
 75
0
 76
0
 77
1
 78
8
 79
3
170
0
171
3
172
1
173
0
174
0
175
0
176
0
177
0
178
0
179
2
271
2
272
2
273
2
274
3
275
0
276
0
277
2
278
44
279
0
280
0
281
0
282
0
283
0
284
8
285
0
286
0
288
0
289
3
290
0
371
-2
372
-2
  0
DIMSTYLE
105
73
330
4
100
AcDbSymbolTableRecord
100
AcDbDimStyleTableRecord
  2
EZDXF
 70
0
 40
1.0
 41
0.175
 42
0.125
 43
3.75
 44
0.375
 45
0.0
 46
0.0
 47
0.0
 48
0.0
 49
2.5
140
0.25
141
2.5
142
0.0
143
0.03937007874
144
100.0
145
0.0
146
0.5
147
0.1
148
0.0
 69
0
 70
0
 71
0
 72
0
 73
0
 74
0
 75
0
 76
0
 77
1
 78
12
 79
3
170
0
171
3
172
1
173
0
174
0
175
0
176
0
177
0
178
0
179
2
271
2
272
2
273
2
274
3
275
0
276
0
277
2
278
46
279
2
280
0
281
0
282
0
283
0
284
8
285
0
286
0
288
1
289
3
290
0
340
4C
342
74
371
-2
372
-2
  0
DIMSTYLE
105
7C
330
4
100
AcDbSymbolTableRecord
100
AcDbDimStyleTableRecord
  2
EZ_M_100_H25_CM
 70
0
 40
1.0
 41
0.25
 42
0.125
 43
3.75
 44
0.375
 45
0.0
 46
0.0
 47
0.0
 48
0.0
 49
2.5
140
0.25
141
2.5
142
0.125
143
0.03937007874
144
100.0
145
0.0
146
0.5
147
0.1
148
0.0
 69
0
 70
0
 71
0
 72
0
 73
0
 74
0
 75
0
 76
0
 77
1
 78
12
 79
3
170
0
171
3
172
1
173
0
174
0
175
0
176
0
177
0
178
0
179
2
271
2
272
2
273
2
274
3
275
0
276
0
277
2
278
46
279
2
280
0
281
0
282
0
283
0
284
8
285
0
286
0
288
1
289
3
290
0
340
4C
371
-2
372
-2
  0
DIMSTYLE
105
7D
330
4
100
AcDbSymbolTableRecord
100
AcDbDimStyleTableRecord
  2
EZ_M_50_H25_CM
 70
0
 40
1.0
 41
0.125
 42
0.0625
 43
3.75
 44
0.1875
 45
0.0
 46
0.0
 47
0.0
 48
0.0
 49
2.5
140
0.125
141
2.5
142
0.0625
143
0.03937007874
144
100.0
145
0.0
146
0.5
147
0.05
148
0.0
 69
0
 70
0
 71
0
 72
0
 73
0
 74
0
 75
0
 76
0
 77
1
 78
12
 79
3
170
0
171
3
172
1
173
0
174
0
175
0
176
0
177
0
178
0
179
2
271
2
272
2
273
2
274
3
275
0
276
0
277
2
278
46
279
2
280
0
281
0
282
0
283
0
284
8
285
0
286
0
288
1
289
3
290
0
340
4C
371
-2
372
-2
  0
DIMSTYLE
105
7E
330
4
100
AcDbSymbolTableRecord
100
AcDbDimStyleTableRecord
  2
EZ_M_25_H25_CM
 70
0
 40
1.0
 41
0.0625
 42
0.03125
 43
3.75
 44
0.09375
 45
0.0
 46
0.0
 47
0.0
 48
0.0
 49
2.5
140
0.0625
141
2.5
142
0.03125
143
0.03937007874
144
100.0
145
0.0
146
0.5
147
0.025
148
0.0
 69
0
 70
0
 71
0
 72
0
 73
0
 74
0
 75
0
 76
0
 77
1
 78
12
 79
3
170
0
171
3
172
1
173
0
174
0
175
0
176
0
177
0
178
0
179
2
271
2
272
2
273
2
274
3
275
0
276
0
277
2
278
46
279
2
280
0
281
0
282
0
283
0
284
8
285
0
286
0
288
1
289
3
290
0
340
4C
371
-2
372
-2
  0
DIMSTYLE
105
7F
330
4
100
AcDbSymbolTableRecord
100
AcDbDimStyleTableRecord
  2
EZ_M_20_H25_CM
 70
0
 40
1.0
 41
0.05
 42
0.025
 43
3.75
 44
0.07500000000000001
 45
0.0
 46
0.0
 47
0.0
 48
0.0
 49
2.5
140
0.05
141
2.5
142
0.025
143
0.03937007874
144
100.0
145
0.0
146
0.5
147
0.020000000000000004
148
0.0
 69
0
 70
0
 71
0
 72
0
 73
0
 74
0
 75
0
 76
0
 77
1
 78
12
 79
3
170
0
171
3
172
1
173
0
174
0
175
0
176
0
177
0
178
0
179
2
271
2
272
2
273
2
274
3
275
0
276
0
277
2
278
46
279
2
280
0
281
0
282
0
283
0
284
8
285
0
286
0
288
1
289
3
290
0
340
4C
371
-2
372
-2
  0
DIMSTYLE
105
80
330
4
100
AcDbSymbolTableRecord
100
AcDbDimStyleTableRecord
  2
EZ_M_10_H25_CM
 70
0
 40
1.0
 41
0.025
 42
0.0125
 43
3.75
 44
0.037500000000000006
 45
0.0
 46
0.0
 47
0.0
 48
0.0
 49
2.5
140
0.025
141
2.5
142
0.0125
143
0.03937007874
144
100.0
145
0.0
146
0.5
147
0.010000000000000002
148
0.0
 69
0
 70
0
 71
0
 72
0
 73
0
 74
0
 75
0
 76
0
 77
1
 78
12
 79
3
170
0
171
3
172
1
173
0
174
0
175
0
176
0
177
0
178
0
179
2
271
2
272
2
273
2
274
3
275
0
276
0
277
2
278
46
279
2
280
0
281
0
282
0
283
0
284
8
285
0
286
0
288
1
289
3
290
0
340
4C
371
-2
372
-2
  0
DIMSTYLE
105
81
330
4
100
AcDbSymbolTableRecord
100
AcDbDimStyleTableRecord
  2
EZ_M_5_H25_CM
 70
0
 40
1.0
 41
0.0125
 42
0.00625
 43
3.75
 44
0.018750000000000003
 45
0.0
 46
0.0
 47
0.0
 48
0.0
 49
2.5
140
0.0125
141
2.5
142
0.00625
143
0.03937007874
144
100.0
145
0.0
146
0.5
147
0.005000000000000001
148
0.0
 69
0
 70
0
 71
0
 72
0
 73
0
 74
0
 75
0
 76
0
 77
1
 78
12
 79
3
170
0
171
3
172
1
173
0
174
0
175
0
176
0
177
0
178
0
179
2
271
2
272
2
273
2
274
3
275
0
276
0
277
2
278
46
279
2
280
0
281
0
282
0
283
0
284
8
285
0
286
0
288
1
289
3
290
0
340
4C
371
-2
372
-2
  0
DIMSTYLE
105
82
330
4
100
AcDbSymbolTableRecord
100
AcDbDimStyleTableRecord
  2
EZ_M_1_H25_CM
 70
0
 40
1.0
 41
0.0025
 42
0.00125
 43
3.75
 44
0.00375
 45
0.0
 46
0.0
 47
0.0
 48
0.0
 49
2.5
140
0.0025
141
2.5
142
0.00125
143
0.03937007874
144
100.0
145
0.0
146
0.5
147
0.001
148
0.0
 69
0
 70
0
 71
0
 72
0
 73
0
 74
0
 75
0
 76
0
 77
1
 78
12
 79
3
170
0
171
3
172
1
173
0
174
0
175
0
176
0
177
0
178
0
179
2
271
2
272
2
273
2
274
3
275
0
276
0
277
2
278
46
279
2
280
0
281
0
282
0
283
0
284
8
285
0
286
0
288
1
289
3
290
0
340
4C
371
-2
372
-2
  0
DIMSTYLE
105
83
330
4
100
AcDbSymbolTableRecord
100
AcDbDimStyleTableRecord
  2
EZ_RADIUS
 70
0
 40
1.0
 41
0.25
 42
0.125
 43
3.75
 44
0.375
 45
0.0
 46
0.0
 47
0.0
 48
0.0
 49
2.5
140
0.25
141
0.0
142
0.0
143
0.03937007874
144
100.0
145
0.0
146
0.5
147
0.1
148
0.0
 69
0
 70
0
 71
0
 72
0
 73
0
 74
0
 75
0
 76
0
 77
1
 78
12
 79
3
170
0
171
3
172
0
173
0
174
0
175
0
176
0
177
0
178
0
179
2
271
2
272
2
273
2
274
3
275
0
276
0
277
2
278
46
279
1
280
0
281
0
282
0
283
0
284
8
285
0
286
0
288
1
289
3
290
0
340
4C
342
84
371
-2
372
-2
  0
DIMSTYLE
105
88
330
4
100
AcDbSymbolTableRecord
100
AcDbDimStyleTableRecord
  2
EZ_RADIUS_INSIDE
 70
0
 40
1.0
 41
0.25
 42
0.125
 43
3.75
 44
0.375
 45
0.0
 46
0.0
 47
0.0
 48
0.0
 49
2.5
140
0.25
141
0.0
142
0.0
143
0.03937007874
144
100.0
145
0.0
146
0.5
147
0.1
148
0.0
 69
0
 70
0
 71
0
 72
0
 73
0
 74
0
 75
0
 76
0
 77
0
 78
12
 79
3
170
0
171
3
172
0
173
0
174
1
175
0
176
0
177
0
178
0
179
2
271
2
272
2
273
2
274
3
275
0
276
0
277
2
278
46
279
0
280
0
281
0
282
0
283
0
284
8
285
0
286
0
288
1
289
0
290
0
340
4C
342
84
371
-2
372
-2
  0
DIMSTYLE
105
89
330
4
100
AcDbSymbolTableRecord
100
AcDbDimStyleTableRecord
  2
EZ_CURVED
 70
0
 40
1.0
 41
0.25
 42
0.125
 43
3.75
 44
0.375
 45
0.0
 46
0.0
 47
0.0
 48
0.0
 49
2.5
140
0.25
141
2.5
142
0.0
143
0.03937007874
144
100.0
145
0.0
146
0.5
147
0.1
148
0.0
 69
0
 70
0
 71
0
 72
0
 73
0
 74
0
 75
0
 76
0
 77
1
 78
12
 79
2
 90
2
170
0
171
3
172
1
173
0
174
0
175
0
176
0
177
0
178
0
179
2
271
2
272
2
273
2
274
3
275
0
276
0
277
2
278
46
279
2
280
0
281
0
282
0
283
0
284
8
285
0
286
0
288
1
289
3
290
0
340
4C
371
-2
372
-2
  0
ENDTAB
  0
TABLE
  2
BLOCK_RECORD
  5
9
330
0
100
AcDbSymbolTable
 70
11
  0
BLOCK_RECORD
  5
17
330
9
100
AcDbSymbolTableRecord
100
AcDbBlockTableRecord
  2
*Model_Space
340
1A
 70
0
280
1
281
0
  0
BLOCK_RECORD
  5
1B
330
9
100
AcDbSymbolTableRecord
100
AcDbBlockTableRecord
  2
*Paper_Space
340
1E
 70
0
280
1
281
0
  0
BLOCK_RECORD
  5
74
330
9
100
AcDbSymbolTableRecord
100
AcDbBlockTableRecord
  2
_ARCHTICK
340
0
 70
0
280
1
281
0
  0
BLOCK_RECORD
  5
78
330
9
100
AcDbSymbolTableRecord
100
AcDbBlockTableRecord
  2
_CLOSEDFILLED
340
0
 70
0
280
1
281
0
  0
BLOCK_RECORD
  5
84
330
9
100
AcDbSymbolTableRecord
100
AcDbBlockTableRecord
  2
_CLOSEDBLANK
340
0
 70
0
280
1
281
0
  0
BLOCK_RECORD
  5
99
330
9
100
AcDbSymbolTableRecord
100
AcDbBlockTableRecord
  2
ANT_PANEL
340
0
 70
0
280
1
281
0
  0
BLOCK_RECORD
  5
A5
330
9
100
AcDbSymbolTableRecord
100
AcDbBlockTableRecord
  2
AAU
340
0
 70
0
280
1
281
0
  0
BLOCK_RECORD
  5
B3
330
9
100
AcDbSymbolTableRecord
100
AcDbBlockTableRecord
  2
RRU
340
0
 70
0
280
1
281
0
  0
BLOCK_RECORD
  5
BC
330
9
100
AcDbSymbolTableRecord
100
AcDbBlockTableRecord
  2
PIPE
340
0
 70
0
280
1
281
0
  0
BLOCK_RECORD
  5
C3
330
9
100
AcDbSymbolTableRecord
100
AcDbBlockTableRecord
  2
SLED
340
0
 70
0
280
1
281
0
  0
BLOCK_RECORD
  5
C9
330
9
100
AcDbSymbolTableRecord
100
AcDbBlockTableRecord
  2
OVP
340
0
 70
0
280
1
281
0
  0
ENDTAB
  0
ENDSEC
  0
SECTION
  2
BLOCKS
  0
BLOCK
  5
18
330
17
100
AcDbEntity
  8
0
100
AcDbBlockBegin
  2
*Model_Space
 70
0
 10
0.0
 20
0.0
 30
0.0
  3
*Model_Space
  1

  0
ENDBLK
  5
19
330
17
100
AcDbEntity
  8
0
100
AcDbBlockEnd
  0
BLOCK
  5
1C
330
1B
100
AcDbEntity
  8
0
100
AcDbBlockBegin
  2
*Paper_Space
 70
0
 10
0.0
 20
0.0
 30
0.0
  3
*Paper_Space
  1

  0
ENDBLK
  5
1D
330
1B
100
AcDbEntity
  8
0
100
AcDbBlockEnd
  0
BLOCK
  5
75
330
74
100
AcDbEntity
  8
0
100
AcDbBlockBegin
  2
_ARCHTICK
 70
0
 10
0.0
 20
0.0
 30
0.0
  3
_ARCHTICK
  1

  0
LWPOLYLINE
  5
77
330
74
100
AcDbEntity
  8
0
  6
BYBLOCK
 62
0
100
AcDbPolyline
 90
2
 70
0
 43
0.15
 10
-0.5
 20
-0.5
 10
0.5
 20
0.5
  0
ENDBLK
  5
76
330
74
100
AcDbEntity
  8
0
100
AcDbBlockEnd
  0
BLOCK
  5
79
330
78
100
AcDbEntity
  8
0
100
AcDbBlockBegin
  2
_CLOSEDFILLED
 70
0
 10
0.0
 20
0.0
 30
0.0
  3
_CLOSEDFILLED
  1

  0
SOLID
  5
7B
330
78
100
AcDbEntity
  8
0
  6
BYBLOCK
 62
0
100
AcDbTrace
 10
-1.0
 20
0.16439898372402537
 30
0.0
 11
0.0
 21
0.0
 31
0.0
 12
-1.0
 22
-0.16439898372402537
 32
0.0
 13
-1.0
 23
-0.16439898372402537
 33
0.0
  0
ENDBLK
  5
7A
330
78
100
AcDbEntity
  8
0
100
AcDbBlockEnd
  0
BLOCK
  5
85
330
84
100
AcDbEntity
  8
0
100
AcDbBlockBegin
  2
_CLOSEDBLANK
 70
0
 10
0.0
 20
0.0
 30
0.0
  3
_CLOSEDBLANK
  1

  0
LWPOLYLINE
  5
87
330
84
100
AcDbEntity
  8
0
  6
BYBLOCK
 62
0
100
AcDbPolyline
 90
3
 70
1
 10
-1.0
 20
0.16439898372402537
 10
0.0
 20
0.0
 10
-1.0
 20
-0.16439898372402537
  0
ENDBLK
  5
86
330
84
100
AcDbEntity
  8
0
100
AcDbBlockEnd
  0
BLOCK
  5
9A
330
99
100
AcDbEntity
  8
0
100
AcDbBlockBegin
  2
ANT_PANEL
 70
2
 10
0.0
 20
0.0
 30
0.0
  3
ANT_PANEL
  1

  0
LWPOLYLINE
  5
9C
330
99
100
AcDbEntity
  8
0
100
AcDbPolyline
 90
4
 70
1
 10
-4.0
 20
0.0
 10
4.0
 20
0.0
 10
4.0
 20
2.5
 10
-4.0
 20
2.5
  0
ATTDEF
  5
9D
330
99
100
AcDbEntity
  8
0
100
AcDbText
 10
0.0
 20
-3.0
 30
0.0
 40
1.2
  1

100
AcDbAttributeDefinition
  3

  2
SECTOR
 70
1
 71
1
 72
0
  0
ATTDEF
  5
9E
330
99
100
AcDbEntity
  8
0
100
AcDbText
 10
0.0
 20
-4.6
 30
0.0
 40
1.2
  1

100
AcDbAttributeDefinition
  3

  2
POSITION
 70
1
 71
1
 72
0
  0
ATTDEF
  5
9F
330
99
100
AcDbEntity
  8
0
100
AcDbText
 10
0.0
 20
-6.2
 30
0.0
 40
1.2
  1

100
AcDbAttributeDefinition
  3

  2
MFR
 70
1
 71
1
 72
0
  0
ATTDEF
  5
A0
330
99
100
AcDbEntity
  8
0
100
AcDbText
 10
0.0
 20
-7.800000000000001
 30
0.0
 40
1.2
  1

100
AcDbAttributeDefinition
  3

  2
MODEL
 70
1
 71
1
 72
0
  0
ATTDEF
  5
A1
330
99
100
AcDbEntity
  8
0
100
AcDbText
 10
0.0
 20
-9.4
 30
0.0
 40
1.2
  1

100
AcDbAttributeDefinition
  3

  2
STATUS
 70
1
 71
1
 72
0
  0
ATTDEF
  5
A2
330
99
100
AcDbEntity
  8
0
100
AcDbText
 10
0.0
 20
-11.0
 30
0.0
 40
1.2
  1

100
AcDbAttributeDefinition
  3

  2
AZIMUTH
 70
1
 71
1
 72
0
  0
ATTDEF
  5
A3
330
99
100
AcDbEntity
  8
0
100
AcDbText
 10
0.0
 20
-12.600000000000001
 30
0.0
 40
1.2
  1

100
AcDbAttributeDefinition
  3

  2
RAD_CENTER_FT
 70
1
 71
1
 72
0
  0
ATTDEF
  5
A4
330
99
100
AcDbEntity
  8
0
100
AcDbText
 10
0.0
 20
-14.200000000000001
 30
0.0
 40
1.2
  1

100
AcDbAttributeDefinition
  3

  2
MECH_TILT
 70
1
 71
1
 72
0
  0
ENDBLK
  5
9B
330
99
100
AcDbEntity
  8
0
100
AcDbBlockEnd
  0
BLOCK
  5
A6
330
A5
100
AcDbEntity
  8
0
100
AcDbBlockBegin
  2
AAU
 70
2
 10
0.0
 20
0.0
 30
0.0
  3
AAU
  1

  0
LWPOLYLINE
  5
A8
330
A5
100
AcDbEntity
  8
0
100
AcDbPolyline
 90
4
 70
1
 10
-3.0
 20
0.0
 10
3.0
 20
0.0
 10
3.0
 20
2.8
 10
-3.0
 20
2.8
  0
LINE
  5
A9
330
A5
100
AcDbEntity
  8
0
100
AcDbLine
 10
-3.0
 20
0.0
 30
0.0
 11
3.0
 21
2.8
 31
0.0
  0
LINE
  5
AA
330
A5
100
AcDbEntity
  8
0
100
AcDbLine
 10
-3.0
 20
2.8
 30
0.0
 11
3.0
 21
0.0
 31
0.0
  0
ATTDEF
  5
AB
330
A5
100
AcDbEntity
  8
0
100
AcDbText
 10
0.0
 20
-3.0
 30
0.0
 40
1.2
  1

100
AcDbAttributeDefinition
  3

  2
SECTOR
 70
1
 71
1
 72
0
  0
ATTDEF
  5
AC
330
A5
100
AcDbEntity
  8
0
100
AcDbText
 10
0.0
 20
-4.6
 30
0.0
 40
1.2
  1

100
AcDbAttributeDefinition
  3

  2
POSITION
 70
1
 71
1
 72
0
  0
ATTDEF
  5
AD
330
A5
100
AcDbEntity
  8
0
100
AcDbText
 10
0.0
 20
-6.2
 30
0.0
 40
1.2
  1

100
AcDbAttributeDefinition
  3

  2
MFR
 70
1
 71
1
 72
0
  0
ATTDEF
  5
AE
330
A5
100
AcDbEntity
  8
0
100
AcDbText
 10
0.0
 20
-7.800000000000001
 30
0.0
 40
1.2
  1

100
AcDbAttributeDefinition
  3

  2
MODEL
 70
1
 71
1
 72
0
  0
ATTDEF
  5
AF
330
A5
100
AcDbEntity
  8
0
100
AcDbText
 10
0.0
 20
-9.4
 30
0.0
 40
1.2
  1

100
AcDbAttributeDefinition
  3

  2
STATUS
 70
1
 71
1
 72
0
  0
ATTDEF
  5
B0
330
A5
100
AcDbEntity
  8
0
100
AcDbText
 10
0.0
 20
-11.0
 30
0.0
 40
1.2
  1

100
AcDbAttributeDefinition
  3

  2
AZIMUTH
 70
1
 71
1
 72
0
  0
ATTDEF
  5
B1
330
A5
100
AcDbEntity
  8
0
100
AcDbText
 10
0.0
 20
-12.600000000000001
 30
0.0
 40
1.2
  1

100
AcDbAttributeDefinition
  3

  2
RAD_CENTER_FT
 70
1
 71
1
 72
0
  0
ATTDEF
  5
B2
330
A5
100
AcDbEntity
  8
0
100
AcDbText
 10
0.0
 20
-14.200000000000001
 30
0.0
 40
1.2
  1

100
AcDbAttributeDefinition
  3

  2
MECH_TILT
 70
1
 71
1
 72
0
  0
ENDBLK
  5
A7
330
A5
100
AcDbEntity
  8
0
100
AcDbBlockEnd
  0
BLOCK
  5
B4
330
B3
100
AcDbEntity
  8
0
100
AcDbBlockBegin
  2
RRU
 70
2
 10
0.0
 20
0.0
 30
0.0
  3
RRU
  1

  0
LWPOLYLINE
  5
B6
330
B3
100
AcDbEntity
  8
0
100
AcDbPolyline
 90
4
 70
1
 10
-1.6
 20
0.0
 10
1.6
 20
0.0
 10
1.6
 20
1.4
 10
-1.6
 20
1.4
  0
ATTDEF
  5
B7
330
B3
100
AcDbEntity
  8
0
100
AcDbText
 10
0.0
 20
-3.0
 30
0.0
 40
1.2
  1

100
AcDbAttributeDefinition
  3

  2
SECTOR
 70
1
 71
1
 72
0
  0
ATTDEF
  5
B8
330
B3
100
AcDbEntity
  8
0
100
AcDbText
 10
0.0
 20
-4.6
 30
0.0
 40
1.2
  1

100
AcDbAttributeDefinition
  3

  2
POSITION
 70
1
 71
1
 72
0
  0
ATTDEF
  5
B9
330
B3
100
AcDbEntity
  8
0
100
AcDbText
 10
0.0
 20
-6.2
 30
0.0
 40
1.2
  1

100
AcDbAttributeDefinition
  3

  2
MODEL
 70
1
 71
1
 72
0
  0
ATTDEF
  5
BA
330
B3
100
AcDbEntity
  8
0
100
AcDbText
 10
0.0
 20
-7.800000000000001
 30
0.0
 40
1.2
  1

100
AcDbAttributeDefinition
  3

  2
STATUS
 70
1
 71
1
 72
0
  0
ATTDEF
  5
BB
330
B3
100
AcDbEntity
  8
0
100
AcDbText
 10
0.0
 20
-9.4
 30
0.0
 40
1.2
  1

100
AcDbAttributeDefinition
  3

  2
BANDS
 70
1
 71
1
 72
0
  0
ENDBLK
  5
B5
330
B3
100
AcDbEntity
  8
0
100
AcDbBlockEnd
  0
BLOCK
  5
BD
330
BC
100
AcDbEntity
  8
0
100
AcDbBlockBegin
  2
PIPE
 70
2
 10
0.0
 20
0.0
 30
0.0
  3
PIPE
  1

  0
CIRCLE
  5
BF
330
BC
100
AcDbEntity
  8
0
100
AcDbCircle
 10
0.0
 20
0.0
 30
0.0
 40
0.9
  0
ATTDEF
  5
C0
330
BC
100
AcDbEntity
  8
0
100
AcDbText
 10
0.0
 20
-3.0
 30
0.0
 40
1.2
  1

100
AcDbAttributeDefinition
  3

  2
SECTOR
 70
1
 71
1
 72
0
  0
ATTDEF
  5
C1
330
BC
100
AcDbEntity
  8
0
100
AcDbText
 10
0.0
 20
-4.6
 30
0.0
 40
1.2
  1

100
AcDbAttributeDefinition
  3

  2
POSITION
 70
1
 71
1
 72
0
  0
ATTDEF
  5
C2
330
BC
100
AcDbEntity
  8
0
100
AcDbText
 10
0.0
 20
-6.2
 30
0.0
 40
1.2
  1

100
AcDbAttributeDefinition
  3

  2
STATUS
 70
1
 71
1
 72
0
  0
ENDBLK
  5
BE
330
BC
100
AcDbEntity
  8
0
100
AcDbBlockEnd
  0
BLOCK
  5
C4
330
C3
100
AcDbEntity
  8
0
100
AcDbBlockBegin
  2
SLED
 70
2
 10
0.0
 20
0.0
 30
0.0
  3
SLED
  1

  0
LWPOLYLINE
  5
C6
330
C3
100
AcDbEntity
  8
0
100
AcDbPolyline
 90
4
 70
1
 10
-16.0
 20
-3.0
 10
16.0
 20
-3.0
 10
16.0
 20
3.0
 10
-16.0
 20
3.0
  0
ATTDEF
  5
C7
330
C3
100
AcDbEntity
  8
0
100
AcDbText
 10
0.0
 20
-3.0
 30
0.0
 40
1.2
  1

100
AcDbAttributeDefinition
  3

  2
SECTOR
 70
1
 71
1
 72
0
  0
ATTDEF
  5
C8
330
C3
100
AcDbEntity
  8
0
100
AcDbText
 10
0.0
 20
-4.6
 30
0.0
 40
1.2
  1

100
AcDbAttributeDefinition
  3

  2
STATUS
 70
1
 71
1
 72
0
  0
ENDBLK
  5
C5
330
C3
100
AcDbEntity
  8
0
100
AcDbBlockEnd
  0
BLOCK
  5
CA
330
C9
100
AcDbEntity
  8
0
100
AcDbBlockBegin
  2
OVP
 70
2
 10
0.0
 20
0.0
 30
0.0
  3
OVP
  1

  0
LWPOLYLINE
  5
CC
330
C9
100
AcDbEntity
  8
0
100
AcDbPolyline
 90
4
 70
1
 10
-1.5
 20
-1.0
 10
1.5
 20
-1.0
 10
1.5
 20
1.0
 10
-1.5
 20
1.0
  0
LINE
  5
CD
330
C9
100
AcDbEntity
  8
0
100
AcDbLine
 10
-1.5
 20
-1.0
 30
0.0
 11
1.5
 21
1.0
 31
0.0
  0
ATTDEF
  5
CE
330
C9
100
AcDbEntity
  8
0
100
AcDbText
 10
0.0
 20
-3.0
 30
0.0
 40
1.2
  1

100
AcDbAttributeDefinition
  3

  2
LOCATION
 70
1
 71
1
 72
0
  0
ATTDEF
  5
CF
330
C9
100
AcDbEntity
  8
0
100
AcDbText
 10
0.0
 20
-4.6
 30
0.0
 40
1.2
  1

100
AcDbAttributeDefinition
  3

  2
MODEL
 70
1
 71
1
 72
0
  0
ATTDEF
  5
D0
330
C9
100
AcDbEntity
  8
0
100
AcDbText
 10
0.0
 20
-6.2
 30
0.0
 40
1.2
  1

100
AcDbAttributeDefinition
  3

  2
STATUS
 70
1
 71
1
 72
0
  0
ENDBLK
  5
CB
330
C9
100
AcDbEntity
  8
0
100
AcDbBlockEnd
  0
ENDSEC
  0
SECTION
  2
ENTITIES
  0
LWPOLYLINE
  5
D1
330
17
100
AcDbEntity
  8
A-BORDER
100
AcDbPolyline
 90
4
 70
1
 10
0.0
 20
0.0
 10
340.0
 20
0.0
 10
340.0
 20
220.0
 10
0.0
 20
220.0
  0
LWPOLYLINE
  5
D2
330
17
100
AcDbEntity
  8
A-BORDER
100
AcDbPolyline
 90
4
 70
1
 10
4.0
 20
4.0
 10
336.0
 20
4.0
 10
336.0
 20
216.0
 10
4.0
 20
216.0
  0
LWPOLYLINE
  5
D3
330
17
100
AcDbEntity
  8
A-TITLE
100
AcDbPolyline
 90
4
 70
1
 10
282.0
 20
4.0
 10
336.0
 20
4.0
 10
336.0
 20
216.0
 10
282.0
 20
216.0
  0
TEXT
  5
D4
330
17
100
AcDbEntity
  8
A-TITLE
100
AcDbText
 10
285.0
 20
208.0
 30
0.0
 40
1.7
  1
MERIDIAN A&E GROUP
  7
OpenSans
 11
285.0
 21
208.0
 31
0.0
100
AcDbText
  0
TEXT
  5
D5
330
17
100
AcDbEntity
  8
A-TITLE
100
AcDbText
 10
285.0
 20
202.8
 30
0.0
 40
1.7
  1
(SYNTHETIC SAMPLE)
  7
OpenSans
 11
285.0
 21
202.8
 31
0.0
100
AcDbText
  0
TEXT
  5
D6
330
17
100
AcDbEntity
  8
A-TITLE
100
AcDbText
 10
285.0
 20
197.6
 30
0.0
 40
1.7
  1

  7
OpenSans
 11
285.0
 21
197.6
 31
0.0
100
AcDbText
  0
TEXT
  5
D7
330
17
100
AcDbEntity
  8
A-TITLE
100
AcDbText
 10
285.0
 20
192.4
 30
0.0
 40
1.7
  1
CLIENT: ERICSSON
  7
OpenSans
 11
285.0
 21
192.4
 31
0.0
100
AcDbText
  0
TEXT
  5
D8
330
17
100
AcDbEntity
  8
A-TITLE
100
AcDbText
 10
285.0
 20
187.2
 30
0.0
 40
1.7
  1
CARRIER: CARRIER-A
  7
OpenSans
 11
285.0
 21
187.2
 31
0.0
100
AcDbText
  0
TEXT
  5
D9
330
17
100
AcDbEntity
  8
A-TITLE
100
AcDbText
 10
285.0
 20
182.0
 30
0.0
 40
1.7
  1

  7
OpenSans
 11
285.0
 21
182.0
 31
0.0
100
AcDbText
  0
TEXT
  5
DA
330
17
100
AcDbEntity
  8
A-TITLE
100
AcDbText
 10
285.0
 20
176.8
 30
0.0
 40
1.7
  1
SITE ID: TXDA1024
  7
OpenSans
 11
285.0
 21
176.8
 31
0.0
100
AcDbText
  0
TEXT
  5
DB
330
17
100
AcDbEntity
  8
A-TITLE
100
AcDbText
 10
285.0
 20
171.6
 30
0.0
 40
1.7
  1
SITE: LAKEWOOD HEIGHTS
  7
OpenSans
 11
285.0
 21
171.6
 31
0.0
100
AcDbText
  0
TEXT
  5
DC
330
17
100
AcDbEntity
  8
A-TITLE
100
AcDbText
 10
285.0
 20
166.4
 30
0.0
 40
1.7
  1
6120 ABRAMS RD (SYNTHETIC)
  7
OpenSans
 11
285.0
 21
166.4
 31
0.0
100
AcDbText
  0
TEXT
  5
DD
330
17
100
AcDbEntity
  8
A-TITLE
100
AcDbText
 10
285.0
 20
161.2
 30
0.0
 40
1.7
  1
DALLAS, TX 75214
  7
OpenSans
 11
285.0
 21
161.2
 31
0.0
100
AcDbText
  0
TEXT
  5
DE
330
17
100
AcDbEntity
  8
A-TITLE
100
AcDbText
 10
285.0
 20
156.0
 30
0.0
 40
1.7
  1

  7
OpenSans
 11
285.0
 21
156.0
 31
0.0
100
AcDbText
  0
TEXT
  5
DF
330
17
100
AcDbEntity
  8
A-TITLE
100
AcDbText
 10
285.0
 20
150.8
 30
0.0
 40
1.7
  1
STRUCTURE: MONOPOLE
  7
OpenSans
 11
285.0
 21
150.8
 31
0.0
100
AcDbText
  0
TEXT
  5
E0
330
17
100
AcDbEntity
  8
A-TITLE
100
AcDbText
 10
285.0
 20
145.6
 30
0.0
 40
1.7
  1
HEIGHT: 150 FT
  7
OpenSans
 11
285.0
 21
145.6
 31
0.0
100
AcDbText
  0
TEXT
  5
E1
330
17
100
AcDbEntity
  8
A-TITLE
100
AcDbText
 10
285.0
 20
140.39999999999998
 30
0.0
 40
1.7
  1

  7
OpenSans
 11
285.0
 21
140.39999999999998
 31
0.0
100
AcDbText
  0
TEXT
  5
E2
330
17
100
AcDbEntity
  8
A-TITLE
100
AcDbText
 10
285.0
 20
135.2
 30
0.0
 40
1.7
  1
REV 2  2026-10-08
  7
OpenSans
 11
285.0
 21
135.2
 31
0.0
100
AcDbText
  0
TEXT
  5
E3
330
17
100
AcDbEntity
  8
A-TITLE
100
AcDbText
 10
285.0
 20
130.0
 30
0.0
 40
1.7
  1
ISSUED FOR CONSTRUCTION
  7
OpenSans
 11
285.0
 21
130.0
 31
0.0
100
AcDbText
  0
TEXT
  5
E4
330
17
100
AcDbEntity
  8
A-TITLE
100
AcDbText
 10
285.0
 20
124.8
 30
0.0
 40
1.7
  1

  7
OpenSans
 11
285.0
 21
124.8
 31
0.0
100
AcDbText
  0
TEXT
  5
E5
330
17
100
AcDbEntity
  8
A-TITLE
100
AcDbText
 10
285.0
 20
119.6
 30
0.0
 40
1.7
  1
NOT FOR CONSTRUCTION -
  7
OpenSans
 11
285.0
 21
119.6
 31
0.0
100
AcDbText
  0
TEXT
  5
E6
330
17
100
AcDbEntity
  8
A-TITLE
100
AcDbText
 10
285.0
 20
114.39999999999999
 30
0.0
 40
1.7
  1
SYNTHETIC POC DATA
  7
OpenSans
 11
285.0
 21
114.39999999999999
 31
0.0
100
AcDbText
  0
TEXT
  5
E7
330
17
100
AcDbEntity
  8
A-TITLE
100
AcDbText
 10
285.0
 20
30.0
 30
0.0
 40
1.6
  1
SHEET TITLE:
  7
OpenSans
 11
285.0
 21
30.0
 31
0.0
100
AcDbText
  0
TEXT
  5
E8
330
17
100
AcDbEntity
  8
A-TITLE
100
AcDbText
 10
285.0
 20
24.0
 30
0.0
 40
1.8
  1
TITLE SHEET & SCOPE OF WORK
  7
OpenSans
 11
285.0
 21
24.0
 31
0.0
100
AcDbText
  0
TEXT
  5
E9
330
17
100
AcDbEntity
  8
A-TITLE
100
AcDbText
 10
285.0
 20
12.0
 30
0.0
 40
3.2
  1
SHEET T-1
  7
OpenSans
 11
285.0
 21
12.0
 31
0.0
100
AcDbText
  0
TEXT
  5
EA
330
17
100
AcDbEntity
  8
A-TEXT
100
AcDbText
 10
12.0
 20
200.0
 30
0.0
 40
5.0
  1
CARRIER-A - 5G C-BAND ADD
  7
OpenSans
 11
12.0
 21
200.0
 31
0.0
100
AcDbText
  0
TEXT
  5
EB
330
17
100
AcDbEntity
  8
A-TEXT
100
AcDbText
 10
12.0
 20
192.0
 30
0.0
 40
3.5
  1
TXDA1024  LAKEWOOD HEIGHTS
  7
OpenSans
 11
12.0
 21
192.0
 31
0.0
100
AcDbText
  0
TEXT
  5
EC
330
17
100
AcDbEntity
  8
A-TEXT
100
AcDbText
 10
12.0
 20
180.0
 30
0.0
 40
3.0
  1
SCOPE OF WORK
  7
OpenSans
 11
12.0
 21
180.0
 31
0.0
100
AcDbText
  0
TEXT
  5
ED
330
17
100
AcDbEntity
  8
A-TEXT
100
AcDbText
 10
14.0
 20
172.0
 30
0.0
 40
2.2
  1
1. INSTALL (3) AIR 6449 B77D
  7
OpenSans
 11
14.0
 21
172.0
 31
0.0
100
AcDbText
  0
TEXT
  5
EE
330
17
100
AcDbEntity
  8
A-TEXT
100
AcDbText
 10
14.0
 20
167.0
 30
0.0
 40
2.2
  1
2. INSTALL (1) BASEBAND 6648 IN EXISTING CABINET
  7
OpenSans
 11
14.0
 21
167.0
 31
0.0
100
AcDbText
  0
TEXT
  5
EF
330
17
100
AcDbEntity
  8
A-TEXT
100
AcDbText
 10
14.0
 20
162.0
 30
0.0
 40
2.2
  1
3. INSTALL (1) HYBRID TRUNK 6x12, 200 FT, WITH TOP AND BASE OVP
  7
OpenSans
 11
14.0
 21
162.0
 31
0.0
100
AcDbText
  0
TEXT
  5
F0
330
17
100
AcDbEntity
  8
A-TEXT
100
AcDbText
 10
14.0
 20
157.0
 30
0.0
 40
2.2
  1
4. FIELD VERIFY ALL EXISTING CONDITIONS PRIOR TO CONSTRUCTION
  7
OpenSans
 11
14.0
 21
157.0
 31
0.0
100
AcDbText
  0
TEXT
  5
F1
330
17
100
AcDbEntity
  8
A-TEXT
100
AcDbText
 10
12.0
 20
144.0
 30
0.0
 40
3.0
  1
SHEET INDEX
  7
OpenSans
 11
12.0
 21
144.0
 31
0.0
100
AcDbText
  0
TEXT
  5
F2
330
17
100
AcDbEntity
  8
A-TEXT
100
AcDbText
 10
14.0
 20
136.0
 30
0.0
 40
2.2
  1
T-1   TITLE SHEET & SCOPE OF WORK
  7
OpenSans
 11
14.0
 21
136.0
 31
0.0
100
AcDbText
  0
TEXT
  5
F3
330
17
100
AcDbEntity
  8
A-TEXT
100
AcDbText
 10
14.0
 20
131.0
 30
0.0
 40
2.2
  1
A-2   ELEVATION
  7
OpenSans
 11
14.0
 21
131.0
 31
0.0
100
AcDbText
  0
TEXT
  5
F4
330
17
100
AcDbEntity
  8
A-TEXT
100
AcDbText
 10
14.0
 20
126.0
 30
0.0
 40
2.2
  1
A-3   ANTENNA LAYOUT PLAN
  7
OpenSans
 11
14.0
 21
126.0
 31
0.0
100
AcDbText
  0
TEXT
  5
F5
330
17
100
AcDbEntity
  8
A-TEXT
100
AcDbText
 10
14.0
 20
121.0
 30
0.0
 40
2.2
  1
A-4   ANTENNA & CABLE SCHEDULE
  7
OpenSans
 11
14.0
 21
121.0
 31
0.0
100
AcDbText
  0
TEXT
  5
F6
330
17
100
AcDbEntity
  8
A-TEXT
100
AcDbText
 10
14.0
 20
116.0
 30
0.0
 40
2.2
  1
E-1   GROUNDING PLAN & NOTES
  7
OpenSans
 11
14.0
 21
116.0
 31
0.0
100
AcDbText
  0
TEXT
  5
F7
330
17
100
AcDbEntity
  8
A-TEXT
100
AcDbText
 10
150.0
 20
180.0
 30
0.0
 40
3.0
  1
SITE INFORMATION
  7
OpenSans
 11
150.0
 21
180.0
 31
0.0
100
AcDbText
  0
TEXT
  5
F8
330
17
100
AcDbEntity
  8
A-TEXT
100
AcDbText
 10
152.0
 20
172.0
 30
0.0
 40
2.0
  1
SITE ID: TXDA1024
  7
OpenSans
 11
152.0
 21
172.0
 31
0.0
100
AcDbText
  0
TEXT
  5
F9
330
17
100
AcDbEntity
  8
A-TEXT
100
AcDbText
 10
152.0
 20
167.0
 30
0.0
 40
2.0
  1
SITE NAME: Lakewood Heights
  7
OpenSans
 11
152.0
 21
167.0
 31
0.0
100
AcDbText
  0
TEXT
  5
FA
330
17
100
AcDbEntity
  8
A-TEXT
100
AcDbText
 10
152.0
 20
162.0
 30
0.0
 40
2.0
  1
MARKET: DFW
  7
OpenSans
 11
152.0
 21
162.0
 31
0.0
100
AcDbText
  0
TEXT
  5
FB
330
17
100
AcDbEntity
  8
A-TEXT
100
AcDbText
 10
152.0
 20
157.0
 30
0.0
 40
2.0
  1
CUSTOMER: CARRIER-A
  7
OpenSans
 11
152.0
 21
157.0
 31
0.0
100
AcDbText
  0
TEXT
  5
FC
330
17
100
AcDbEntity
  8
A-TEXT
100
AcDbText
 10
152.0
 20
152.0
 30
0.0
 40
2.0
  1
ADDRESS: 6120 Abrams Rd (synthetic)
  7
OpenSans
 11
152.0
 21
152.0
 31
0.0
100
AcDbText
  0
TEXT
  5
FD
330
17
100
AcDbEntity
  8
A-TEXT
100
AcDbText
 10
152.0
 20
147.0
 30
0.0
 40
2.0
  1
CITY: Dallas
  7
OpenSans
 11
152.0
 21
147.0
 31
0.0
100
AcDbText
  0
TEXT
  5
FE
330
17
100
AcDbEntity
  8
A-TEXT
100
AcDbText
 10
152.0
 20
142.0
 30
0.0
 40
2.0
  1
STATE: TX
  7
OpenSans
 11
152.0
 21
142.0
 31
0.0
100
AcDbText
  0
TEXT
  5
FF
330
17
100
AcDbEntity
  8
A-TEXT
100
AcDbText
 10
152.0
 20
137.0
 30
0.0
 40
2.0
  1
ZIP: 75214
  7
OpenSans
 11
152.0
 21
137.0
 31
0.0
100
AcDbText
  0
TEXT
  5
100
330
17
100
AcDbEntity
  8
A-TEXT
100
AcDbText
 10
152.0
 20
132.0
 30
0.0
 40
2.0
  1
LATITUDE: 32.8341
  7
OpenSans
 11
152.0
 21
132.0
 31
0.0
100
AcDbText
  0
TEXT
  5
101
330
17
100
AcDbEntity
  8
A-TEXT
100
AcDbText
 10
152.0
 20
127.0
 30
0.0
 40
2.0
  1
LONGITUDE: -96.7512
  7
OpenSans
 11
152.0
 21
127.0
 31
0.0
100
AcDbText
  0
TEXT
  5
102
330
17
100
AcDbEntity
  8
A-TEXT
100
AcDbText
 10
152.0
 20
122.0
 30
0.0
 40
2.0
  1
STRUCTURE TYPE: Monopole
  7
OpenSans
 11
152.0
 21
122.0
 31
0.0
100
AcDbText
  0
TEXT
  5
103
330
17
100
AcDbEntity
  8
A-TEXT
100
AcDbText
 10
152.0
 20
117.0
 30
0.0
 40
2.0
  1
STRUCTURE HEIGHT (FT): 150
  7
OpenSans
 11
152.0
 21
117.0
 31
0.0
100
AcDbText
  0
TEXT
  5
104
330
17
100
AcDbEntity
  8
A-TEXT
100
AcDbText
 10
152.0
 20
112.0
 30
0.0
 40
2.0
  1
STRUCTURE OWNER: Lonestar Tower Partners
  7
OpenSans
 11
152.0
 21
112.0
 31
0.0
100
AcDbText
  0
TEXT
  5
105
330
17
100
AcDbEntity
  8
A-TEXT
100
AcDbText
 10
152.0
 20
107.0
 30
0.0
 40
2.0
  1
PROJECT TYPE: 5G C-band add
  7
OpenSans
 11
152.0
 21
107.0
 31
0.0
100
AcDbText
  0
TEXT
  5
106
330
17
100
AcDbEntity
  8
A-TEXT
100
AcDbText
 10
150.0
 20
95.0
 30
0.0
 40
3.0
  1
GENERAL NOTES
  7
OpenSans
 11
150.0
 21
95.0
 31
0.0
100
AcDbText
  0
TEXT
  5
107
330
17
100
AcDbEntity
  8
A-TEXT
100
AcDbText
 10
152.0
 20
87.0
 30
0.0
 40
2.0
  1
CONTRACTOR SHALL VERIFY ALL DIMENSIONS AND EXISTING
  7
OpenSans
 11
152.0
 21
87.0
 31
0.0
100
AcDbText
  0
TEXT
  5
108
330
17
100
AcDbEntity
  8
A-TEXT
100
AcDbText
 10
152.0
 20
82.0
 30
0.0
 40
2.0
  1
CONDITIONS BEFORE ORDERING MATERIAL.
  7
OpenSans
 11
152.0
 21
82.0
 31
0.0
100
AcDbText
  0
TEXT
  5
109
330
17
100
AcDbEntity
  8
A-TEXT
100
AcDbText
 10
152.0
 20
77.0
 30
0.0
 40
2.0
  1
ALL WORK PER CARRIER BUILD STANDARDS AND TIA-222-H.
  7
OpenSans
 11
152.0
 21
77.0
 31
0.0
100
AcDbText
  0
TEXT
  5
10A
330
17
100
AcDbEntity
  8
A-TEXT
100
AcDbText
 10
152.0
 20
72.0
 30
0.0
 40
2.0
  1
RF CONFIGURATION PER RFDS R3.
  7
OpenSans
 11
152.0
 21
72.0
 31
0.0
100
AcDbText
  0
TEXT
  5
10B
330
17
100
AcDbEntity
  8
A-TEXT
100
AcDbText
 10
152.0
 20
67.0
 30
0.0
 40
2.0
  1
MOUNT AND STRUCTURAL ADEQUACY PER MA/SA REPORTS.
  7
OpenSans
 11
152.0
 21
67.0
 31
0.0
100
AcDbText
  0
LWPOLYLINE
  5
10C
330
17
100
AcDbEntity
  8
A-BORDER
100
AcDbPolyline
 90
4
 70
1
 10
400.0
 20
0.0
 10
740.0
 20
0.0
 10
740.0
 20
220.0
 10
400.0
 20
220.0
  0
LWPOLYLINE
  5
10D
330
17
100
AcDbEntity
  8
A-BORDER
100
AcDbPolyline
 90
4
 70
1
 10
404.0
 20
4.0
 10
736.0
 20
4.0
 10
736.0
 20
216.0
 10
404.0
 20
216.0
  0
LWPOLYLINE
  5
10E
330
17
100
AcDbEntity
  8
A-TITLE
100
AcDbPolyline
 90
4
 70
1
 10
682.0
 20
4.0
 10
736.0
 20
4.0
 10
736.0
 20
216.0
 10
682.0
 20
216.0
  0
TEXT
  5
10F
330
17
100
AcDbEntity
  8
A-TITLE
100
AcDbText
 10
685.0
 20
208.0
 30
0.0
 40
1.7
  1
MERIDIAN A&E GROUP
  7
OpenSans
 11
685.0
 21
208.0
 31
0.0
100
AcDbText
  0
TEXT
  5
110
330
17
100
AcDbEntity
  8
A-TITLE
100
AcDbText
 10
685.0
 20
202.8
 30
0.0
 40
1.7
  1
(SYNTHETIC SAMPLE)
  7
OpenSans
 11
685.0
 21
202.8
 31
0.0
100
AcDbText
  0
TEXT
  5
111
330
17
100
AcDbEntity
  8
A-TITLE
100
AcDbText
 10
685.0
 20
197.6
 30
0.0
 40
1.7
  1

  7
OpenSans
 11
685.0
 21
197.6
 31
0.0
100
AcDbText
  0
TEXT
  5
112
330
17
100
AcDbEntity
  8
A-TITLE
100
AcDbText
 10
685.0
 20
192.4
 30
0.0
 40
1.7
  1
CLIENT: ERICSSON
  7
OpenSans
 11
685.0
 21
192.4
 31
0.0
100
AcDbText
  0
TEXT
  5
113
330
17
100
AcDbEntity
  8
A-TITLE
100
AcDbText
 10
685.0
 20
187.2
 30
0.0
 40
1.7
  1
CARRIER: CARRIER-A
  7
OpenSans
 11
685.0
 21
187.2
 31
0.0
100
AcDbText
  0
TEXT
  5
114
330
17
100
AcDbEntity
  8
A-TITLE
100
AcDbText
 10
685.0
 20
182.0
 30
0.0
 40
1.7
  1

  7
OpenSans
 11
685.0
 21
182.0
 31
0.0
100
AcDbText
  0
TEXT
  5
115
330
17
100
AcDbEntity
  8
A-TITLE
100
AcDbText
 10
685.0
 20
176.8
 30
0.0
 40
1.7
  1
SITE ID: TXDA1024
  7
OpenSans
 11
685.0
 21
176.8
 31
0.0
100
AcDbText
  0
TEXT
  5
116
330
17
100
AcDbEntity
  8
A-TITLE
100
AcDbText
 10
685.0
 20
171.6
 30
0.0
 40
1.7
  1
SITE: LAKEWOOD HEIGHTS
  7
OpenSans
 11
685.0
 21
171.6
 31
0.0
100
AcDbText
  0
TEXT
  5
117
330
17
100
AcDbEntity
  8
A-TITLE
100
AcDbText
 10
685.0
 20
166.4
 30
0.0
 40
1.7
  1
6120 ABRAMS RD (SYNTHETIC)
  7
OpenSans
 11
685.0
 21
166.4
 31
0.0
100
AcDbText
  0
TEXT
  5
118
330
17
100
AcDbEntity
  8
A-TITLE
100
AcDbText
 10
685.0
 20
161.2
 30
0.0
 40
1.7
  1
DALLAS, TX 75214
  7
OpenSans
 11
685.0
 21
161.2
 31
0.0
100
AcDbText
  0
TEXT
  5
119
330
17
100
AcDbEntity
  8
A-TITLE
100
AcDbText
 10
685.0
 20
156.0
 30
0.0
 40
1.7
  1

  7
OpenSans
 11
685.0
 21
156.0
 31
0.0
100
AcDbText
  0
TEXT
  5
11A
330
17
100
AcDbEntity
  8
A-TITLE
100
AcDbText
 10
685.0
 20
150.8
 30
0.0
 40
1.7
  1
STRUCTURE: MONOPOLE
  7
OpenSans
 11
685.0
 21
150.8
 31
0.0
100
AcDbText
  0
TEXT
  5
11B
330
17
100
AcDbEntity
  8
A-TITLE
100
AcDbText
 10
685.0
 20
145.6
 30
0.0
 40
1.7
  1
HEIGHT: 150 FT
  7
OpenSans
 11
685.0
 21
145.6
 31
0.0
100
AcDbText
  0
TEXT
  5
11C
330
17
100
AcDbEntity
  8
A-TITLE
100
AcDbText
 10
685.0
 20
140.39999999999998
 30
0.0
 40
1.7
  1

  7
OpenSans
 11
685.0
 21
140.39999999999998
 31
0.0
100
AcDbText
  0
TEXT
  5
11D
330
17
100
AcDbEntity
  8
A-TITLE
100
AcDbText
 10
685.0
 20
135.2
 30
0.0
 40
1.7
  1
REV 2  2026-10-08
  7
OpenSans
 11
685.0
 21
135.2
 31
0.0
100
AcDbText
  0
TEXT
  5
11E
330
17
100
AcDbEntity
  8
A-TITLE
100
AcDbText
 10
685.0
 20
130.0
 30
0.0
 40
1.7
  1
ISSUED FOR CONSTRUCTION
  7
OpenSans
 11
685.0
 21
130.0
 31
0.0
100
AcDbText
  0
TEXT
  5
11F
330
17
100
AcDbEntity
  8
A-TITLE
100
AcDbText
 10
685.0
 20
124.8
 30
0.0
 40
1.7
  1

  7
OpenSans
 11
685.0
 21
124.8
 31
0.0
100
AcDbText
  0
TEXT
  5
120
330
17
100
AcDbEntity
  8
A-TITLE
100
AcDbText
 10
685.0
 20
119.6
 30
0.0
 40
1.7
  1
NOT FOR CONSTRUCTION -
  7
OpenSans
 11
685.0
 21
119.6
 31
0.0
100
AcDbText
  0
TEXT
  5
121
330
17
100
AcDbEntity
  8
A-TITLE
100
AcDbText
 10
685.0
 20
114.39999999999999
 30
0.0
 40
1.7
  1
SYNTHETIC POC DATA
  7
OpenSans
 11
685.0
 21
114.39999999999999
 31
0.0
100
AcDbText
  0
TEXT
  5
122
330
17
100
AcDbEntity
  8
A-TITLE
100
AcDbText
 10
685.0
 20
30.0
 30
0.0
 40
1.6
  1
SHEET TITLE:
  7
OpenSans
 11
685.0
 21
30.0
 31
0.0
100
AcDbText
  0
TEXT
  5
123
330
17
100
AcDbEntity
  8
A-TITLE
100
AcDbText
 10
685.0
 20
24.0
 30
0.0
 40
1.8
  1
ELEVATION
  7
OpenSans
 11
685.0
 21
24.0
 31
0.0
100
AcDbText
  0
TEXT
  5
124
330
17
100
AcDbEntity
  8
A-TITLE
100
AcDbText
 10
685.0
 20
12.0
 30
0.0
 40
3.2
  1
SHEET A-2
  7
OpenSans
 11
685.0
 21
12.0
 31
0.0
100
AcDbText
  0
LINE
  5
125
330
17
100
AcDbEntity
  8
A-STRUCT
100
AcDbLine
 10
412.0
 20
30.0
 30
0.0
 11
670.0
 21
30.0
 31
0.0
  0
TEXT
  5
126
330
17
100
AcDbEntity
  8
A-TEXT
100
AcDbText
 10
414.0
 20
25.0
 30
0.0
 40
2.0
  1
FINISHED GRADE 0'-0"
  7
OpenSans
 11
414.0
 21
25.0
 31
0.0
100
AcDbText
  0
LWPOLYLINE
  5
127
330
17
100
AcDbEntity
  8
A-STRUCT
100
AcDbPolyline
 90
4
 70
1
 10
516.5
 20
30.0
 10
523.5
 20
30.0
 10
521.8
 20
180.0
 10
518.2
 20
180.0
  0
TEXT
  5
128
330
17
100
AcDbEntity
  8
A-DIM
100
AcDbText
 10
526.0
 20
182.0
 30
0.0
 40
2.0
  1
TOP OF STRUCTURE 150'-0"
  7
OpenSans
 11
526.0
 21
182.0
 31
0.0
100
AcDbText
  0
LWPOLYLINE
  5
129
330
17
100
AcDbEntity
  8
A-ANT-EXIST
100
AcDbPolyline
 90
4
 70
1
 10
485.5
 20
171.998031496063
 10
488.5
 20
171.998031496063
 10
488.5
 20
178.001968503937
 10
485.5
 20
178.001968503937
  0
TEXT
  5
12A
330
17
100
AcDbEntity
  8
A-TEXT
100
AcDbText
 10
485.5
 20
179.001968503937
 30
0.0
 40
1.3
  1
A1
  7
OpenSans
 11
485.5
 21
179.001968503937
 31
0.0
100
AcDbText
  0
LWPOLYLINE
  5
12B
330
17
100
AcDbEntity
  8
A-ANT-EXIST
100
AcDbPolyline
 90
4
 70
1
 10
492.5
 20
171.998031496063
 10
495.5
 20
171.998031496063
 10
495.5
 20
178.001968503937
 10
492.5
 20
178.001968503937
  0
TEXT
  5
12C
330
17
100
AcDbEntity
  8
A-TEXT
100
AcDbText
 10
492.5
 20
179.001968503937
 30
0.0
 40
1.3
  1
A2
  7
OpenSans
 11
492.5
 21
179.001968503937
 31
0.0
100
AcDbText
  0
LWPOLYLINE
  5
12D
330
17
100
AcDbEntity
  8
A-ANT-NEW
100
AcDbPolyline
 90
4
 70
1
 10
499.5
 20
166.5236220472441
 10
502.5
 20
166.5236220472441
 10
502.5
 20
169.4763779527559
 10
499.5
 20
169.4763779527559
  0
TEXT
  5
12E
330
17
100
AcDbEntity
  8
A-TEXT
100
AcDbText
 10
499.5
 20
170.4763779527559
 30
0.0
 40
1.3
  1
A3
  7
OpenSans
 11
499.5
 21
170.4763779527559
 31
0.0
100
AcDbText
  0
LWPOLYLINE
  5
12F
330
17
100
AcDbEntity
  8
A-RRU-EXIST
100
AcDbPolyline
 90
4
 70
1
 10
489.5
 20
169.0
 10
491.5
 20
169.0
 10
491.5
 20
171.5
 10
489.5
 20
171.5
  0
LWPOLYLINE
  5
130
330
17
100
AcDbEntity
  8
A-RRU-EXIST
100
AcDbPolyline
 90
4
 70
1
 10
489.5
 20
166.0
 10
491.5
 20
166.0
 10
491.5
 20
168.5
 10
489.5
 20
168.5
  0
LWPOLYLINE
  5
131
330
17
100
AcDbEntity
  8
A-RRU-EXIST
100
AcDbPolyline
 90
4
 70
1
 10
496.5
 20
169.0
 10
498.5
 20
169.0
 10
498.5
 20
171.5
 10
496.5
 20
171.5
  0
LWPOLYLINE
  5
132
330
17
100
AcDbEntity
  8
A-ANT-EXIST
100
AcDbPolyline
 90
4
 70
1
 10
511.5
 20
171.998031496063
 10
514.5
 20
171.998031496063
 10
514.5
 20
178.001968503937
 10
511.5
 20
178.001968503937
  0
TEXT
  5
133
330
17
100
AcDbEntity
  8
A-TEXT
100
AcDbText
 10
511.5
 20
179.001968503937
 30
0.0
 40
1.3
  1
B1
  7
OpenSans
 11
511.5
 21
179.001968503937
 31
0.0
100
AcDbText
  0
LWPOLYLINE
  5
134
330
17
100
AcDbEntity
  8
A-ANT-EXIST
100
AcDbPolyline
 90
4
 70
1
 10
518.5
 20
171.998031496063
 10
521.5
 20
171.998031496063
 10
521.5
 20
178.001968503937
 10
518.5
 20
178.001968503937
  0
TEXT
  5
135
330
17
100
AcDbEntity
  8
A-TEXT
100
AcDbText
 10
518.5
 20
179.001968503937
 30
0.0
 40
1.3
  1
B2
  7
OpenSans
 11
518.5
 21
179.001968503937
 31
0.0
100
AcDbText
  0
LWPOLYLINE
  5
136
330
17
100
AcDbEntity
  8
A-ANT-NEW
100
AcDbPolyline
 90
4
 70
1
 10
525.5
 20
166.5236220472441
 10
528.5
 20
166.5236220472441
 10
528.5
 20
169.4763779527559
 10
525.5
 20
169.4763779527559
  0
TEXT
  5
137
330
17
100
AcDbEntity
  8
A-TEXT
100
AcDbText
 10
525.5
 20
170.4763779527559
 30
0.0
 40
1.3
  1
B3
  7
OpenSans
 11
525.5
 21
170.4763779527559
 31
0.0
100
AcDbText
  0
LWPOLYLINE
  5
138
330
17
100
AcDbEntity
  8
A-RRU-EXIST
100
AcDbPolyline
 90
4
 70
1
 10
515.5
 20
169.0
 10
517.5
 20
169.0
 10
517.5
 20
171.5
 10
515.5
 20
171.5
  0
LWPOLYLINE
  5
139
330
17
100
AcDbEntity
  8
A-RRU-EXIST
100
AcDbPolyline
 90
4
 70
1
 10
515.5
 20
166.0
 10
517.5
 20
166.0
 10
517.5
 20
168.5
 10
515.5
 20
168.5
  0
LWPOLYLINE
  5
13A
330
17
100
AcDbEntity
  8
A-RRU-EXIST
100
AcDbPolyline
 90
4
 70
1
 10
522.5
 20
169.0
 10
524.5
 20
169.0
 10
524.5
 20
171.5
 10
522.5
 20
171.5
  0
LWPOLYLINE
  5
13B
330
17
100
AcDbEntity
  8
A-ANT-EXIST
100
AcDbPolyline
 90
4
 70
1
 10
537.5
 20
171.998031496063
 10
540.5
 20
171.998031496063
 10
540.5
 20
178.001968503937
 10
537.5
 20
178.001968503937
  0
TEXT
  5
13C
330
17
100
AcDbEntity
  8
A-TEXT
100
AcDbText
 10
537.5
 20
179.001968503937
 30
0.0
 40
1.3
  1
C1
  7
OpenSans
 11
537.5
 21
179.001968503937
 31
0.0
100
AcDbText
  0
LWPOLYLINE
  5
13D
330
17
100
AcDbEntity
  8
A-ANT-EXIST
100
AcDbPolyline
 90
4
 70
1
 10
544.5
 20
171.998031496063
 10
547.5
 20
171.998031496063
 10
547.5
 20
178.001968503937
 10
544.5
 20
178.001968503937
  0
TEXT
  5
13E
330
17
100
AcDbEntity
  8
A-TEXT
100
AcDbText
 10
544.5
 20
179.001968503937
 30
0.0
 40
1.3
  1
C2
  7
OpenSans
 11
544.5
 21
179.001968503937
 31
0.0
100
AcDbText
  0
LWPOLYLINE
  5
13F
330
17
100
AcDbEntity
  8
A-ANT-NEW
100
AcDbPolyline
 90
4
 70
1
 10
551.5
 20
166.5236220472441
 10
554.5
 20
166.5236220472441
 10
554.5
 20
169.4763779527559
 10
551.5
 20
169.4763779527559
  0
TEXT
  5
140
330
17
100
AcDbEntity
  8
A-TEXT
100
AcDbText
 10
551.5
 20
170.4763779527559
 30
0.0
 40
1.3
  1
C3
  7
OpenSans
 11
551.5
 21
170.4763779527559
 31
0.0
100
AcDbText
  0
LWPOLYLINE
  5
141
330
17
100
AcDbEntity
  8
A-RRU-EXIST
100
AcDbPolyline
 90
4
 70
1
 10
541.5
 20
169.0
 10
543.5
 20
169.0
 10
543.5
 20
171.5
 10
541.5
 20
171.5
  0
LWPOLYLINE
  5
142
330
17
100
AcDbEntity
  8
A-RRU-EXIST
100
AcDbPolyline
 90
4
 70
1
 10
541.5
 20
166.0
 10
543.5
 20
166.0
 10
543.5
 20
168.5
 10
541.5
 20
168.5
  0
LWPOLYLINE
  5
143
330
17
100
AcDbEntity
  8
A-RRU-EXIST
100
AcDbPolyline
 90
4
 70
1
 10
548.5
 20
169.0
 10
550.5
 20
169.0
 10
550.5
 20
171.5
 10
548.5
 20
171.5
  0
LINE
  5
144
330
17
100
AcDbEntity
  8
A-CABLE
100
AcDbLine
 10
524.0
 20
32.0
 30
0.0
 11
524.0
 21
173.0
 31
0.0
  0
LINE
  5
145
330
17
100
AcDbEntity
  8
A-CABLE
100
AcDbLine
 10
524.0
 20
32.0
 30
0.0
 11
580.0
 21
32.0
 31
0.0
  0
LWPOLYLINE
  5
146
330
17
100
AcDbEntity
  8
A-STRUCT
100
AcDbPolyline
 90
4
 70
1
 10
580.0
 20
30.0
 10
592.0
 20
30.0
 10
592.0
 20
42.0
 10
580.0
 20
42.0
  0
TEXT
  5
147
330
17
100
AcDbEntity
  8
A-TEXT
100
AcDbText
 10
580.0
 20
43.0
 30
0.0
 40
1.6
  1
(E) EQUIPMENT CABINET
  7
OpenSans
 11
580.0
 21
43.0
 31
0.0
100
AcDbText
  0
TEXT
  5
148
330
17
100
AcDbEntity
  8
A-CABLE
100
AcDbText
 10
540.0
 20
34.0
 30
0.0
 40
1.5
  1
(P) HYBRID TRUNK - HORIZ RUN 28 FT
  7
OpenSans
 11
540.0
 21
34.0
 31
0.0
100
AcDbText
  0
LINE
  5
149
330
17
100
AcDbEntity
  8
A-DIM
100
AcDbLine
 10
412.0
 20
168.0
 30
0.0
 11
470.0
 21
168.0
 31
0.0
  0
TEXT
  5
14A
330
17
100
AcDbEntity
  8
A-DIM
100
AcDbText
 10
414.0
 20
169.0
 30
0.0
 40
1.8
  1
RAD CENTER 138'-0"
  7
OpenSans
 11
414.0
 21
169.0
 31
0.0
100
AcDbText
  0
LINE
  5
14B
330
17
100
AcDbEntity
  8
A-DIM
100
AcDbLine
 10
412.0
 20
175.0
 30
0.0
 11
470.0
 21
175.0
 31
0.0
  0
TEXT
  5
14C
330
17
100
AcDbEntity
  8
A-DIM
100
AcDbText
 10
414.0
 20
176.0
 30
0.0
 40
1.8
  1
RAD CENTER 145'-0"
  7
OpenSans
 11
414.0
 21
176.0
 31
0.0
100
AcDbText
  0
TEXT
  5
14D
330
17
100
AcDbEntity
  8
A-TEXT
100
AcDbText
 10
600.0
 20
205.0
 30
0.0
 40
2.4
  1
EQUIPMENT KEY
  7
OpenSans
 11
600.0
 21
205.0
 31
0.0
100
AcDbText
  0
TEXT
  5
14E
330
17
100
AcDbEntity
  8
A-TEXT
100
AcDbText
 10
600.0
 20
199.0
 30
0.0
 40
1.6
  1
A1   (E) NNH4-65B-R6 RC 145'
  7
OpenSans
 11
600.0
 21
199.0
 31
0.0
100
AcDbText
  0
TEXT
  5
14F
330
17
100
AcDbEntity
  8
A-TEXT
100
AcDbText
 10
600.0
 20
193.4
 30
0.0
 40
1.6
  1
A2   (E) APXVSPP18-C-A20 RC 145'
  7
OpenSans
 11
600.0
 21
193.4
 31
0.0
100
AcDbText
  0
TEXT
  5
150
330
17
100
AcDbEntity
  8
A-TEXT
100
AcDbText
 10
600.0
 20
187.8
 30
0.0
 40
1.6
  1
A3   (P) AIR 6449 B77D RC 138'
  7
OpenSans
 11
600.0
 21
187.8
 31
0.0
100
AcDbText
  0
TEXT
  5
151
330
17
100
AcDbEntity
  8
A-TEXT
100
AcDbText
 10
600.0
 20
182.2
 30
0.0
 40
1.6
  1
B1   (E) NNH4-65B-R6 RC 145'
  7
OpenSans
 11
600.0
 21
182.2
 31
0.0
100
AcDbText
  0
TEXT
  5
152
330
17
100
AcDbEntity
  8
A-TEXT
100
AcDbText
 10
600.0
 20
176.6
 30
0.0
 40
1.6
  1
B2   (E) APXVSPP18-C-A20 RC 145'
  7
OpenSans
 11
600.0
 21
176.6
 31
0.0
100
AcDbText
  0
TEXT
  5
153
330
17
100
AcDbEntity
  8
A-TEXT
100
AcDbText
 10
600.0
 20
171.0
 30
0.0
 40
1.6
  1
B3   (P) AIR 6449 B77D RC 138'
  7
OpenSans
 11
600.0
 21
171.0
 31
0.0
100
AcDbText
  0
TEXT
  5
154
330
17
100
AcDbEntity
  8
A-TEXT
100
AcDbText
 10
600.0
 20
165.4
 30
0.0
 40
1.6
  1
C1   (E) NNH4-65B-R6 RC 145'
  7
OpenSans
 11
600.0
 21
165.4
 31
0.0
100
AcDbText
  0
TEXT
  5
155
330
17
100
AcDbEntity
  8
A-TEXT
100
AcDbText
 10
600.0
 20
159.8
 30
0.0
 40
1.6
  1
C2   (E) APXVSPP18-C-A20 RC 145'
  7
OpenSans
 11
600.0
 21
159.8
 31
0.0
100
AcDbText
  0
TEXT
  5
156
330
17
100
AcDbEntity
  8
A-TEXT
100
AcDbText
 10
600.0
 20
154.2
 30
0.0
 40
1.6
  1
C3   (P) AIR 6449 B77D RC 138'
  7
OpenSans
 11
600.0
 21
154.2
 31
0.0
100
AcDbText
  0
LWPOLYLINE
  5
157
330
17
100
AcDbEntity
  8
A-BORDER
100
AcDbPolyline
 90
4
 70
1
 10
800.0
 20
0.0
 10
1140.0
 20
0.0
 10
1140.0
 20
220.0
 10
800.0
 20
220.0
  0
LWPOLYLINE
  5
158
330
17
100
AcDbEntity
  8
A-BORDER
100
AcDbPolyline
 90
4
 70
1
 10
804.0
 20
4.0
 10
1136.0
 20
4.0
 10
1136.0
 20
216.0
 10
804.0
 20
216.0
  0
LWPOLYLINE
  5
159
330
17
100
AcDbEntity
  8
A-TITLE
100
AcDbPolyline
 90
4
 70
1
 10
1082.0
 20
4.0
 10
1136.0
 20
4.0
 10
1136.0
 20
216.0
 10
1082.0
 20
216.0
  0
TEXT
  5
15A
330
17
100
AcDbEntity
  8
A-TITLE
100
AcDbText
 10
1085.0
 20
208.0
 30
0.0
 40
1.7
  1
MERIDIAN A&E GROUP
  7
OpenSans
 11
1085.0
 21
208.0
 31
0.0
100
AcDbText
  0
TEXT
  5
15B
330
17
100
AcDbEntity
  8
A-TITLE
100
AcDbText
 10
1085.0
 20
202.8
 30
0.0
 40
1.7
  1
(SYNTHETIC SAMPLE)
  7
OpenSans
 11
1085.0
 21
202.8
 31
0.0
100
AcDbText
  0
TEXT
  5
15C
330
17
100
AcDbEntity
  8
A-TITLE
100
AcDbText
 10
1085.0
 20
197.6
 30
0.0
 40
1.7
  1

  7
OpenSans
 11
1085.0
 21
197.6
 31
0.0
100
AcDbText
  0
TEXT
  5
15D
330
17
100
AcDbEntity
  8
A-TITLE
100
AcDbText
 10
1085.0
 20
192.4
 30
0.0
 40
1.7
  1
CLIENT: ERICSSON
  7
OpenSans
 11
1085.0
 21
192.4
 31
0.0
100
AcDbText
  0
TEXT
  5
15E
330
17
100
AcDbEntity
  8
A-TITLE
100
AcDbText
 10
1085.0
 20
187.2
 30
0.0
 40
1.7
  1
CARRIER: CARRIER-A
  7
OpenSans
 11
1085.0
 21
187.2
 31
0.0
100
AcDbText
  0
TEXT
  5
15F
330
17
100
AcDbEntity
  8
A-TITLE
100
AcDbText
 10
1085.0
 20
182.0
 30
0.0
 40
1.7
  1

  7
OpenSans
 11
1085.0
 21
182.0
 31
0.0
100
AcDbText
  0
TEXT
  5
160
330
17
100
AcDbEntity
  8
A-TITLE
100
AcDbText
 10
1085.0
 20
176.8
 30
0.0
 40
1.7
  1
SITE ID: TXDA1024
  7
OpenSans
 11
1085.0
 21
176.8
 31
0.0
100
AcDbText
  0
TEXT
  5
161
330
17
100
AcDbEntity
  8
A-TITLE
100
AcDbText
 10
1085.0
 20
171.6
 30
0.0
 40
1.7
  1
SITE: LAKEWOOD HEIGHTS
  7
OpenSans
 11
1085.0
 21
171.6
 31
0.0
100
AcDbText
  0
TEXT
  5
162
330
17
100
AcDbEntity
  8
A-TITLE
100
AcDbText
 10
1085.0
 20
166.4
 30
0.0
 40
1.7
  1
6120 ABRAMS RD (SYNTHETIC)
  7
OpenSans
 11
1085.0
 21
166.4
 31
0.0
100
AcDbText
  0
TEXT
  5
163
330
17
100
AcDbEntity
  8
A-TITLE
100
AcDbText
 10
1085.0
 20
161.2
 30
0.0
 40
1.7
  1
DALLAS, TX 75214
  7
OpenSans
 11
1085.0
 21
161.2
 31
0.0
100
AcDbText
  0
TEXT
  5
164
330
17
100
AcDbEntity
  8
A-TITLE
100
AcDbText
 10
1085.0
 20
156.0
 30
0.0
 40
1.7
  1

  7
OpenSans
 11
1085.0
 21
156.0
 31
0.0
100
AcDbText
  0
TEXT
  5
165
330
17
100
AcDbEntity
  8
A-TITLE
100
AcDbText
 10
1085.0
 20
150.8
 30
0.0
 40
1.7
  1
STRUCTURE: MONOPOLE
  7
OpenSans
 11
1085.0
 21
150.8
 31
0.0
100
AcDbText
  0
TEXT
  5
166
330
17
100
AcDbEntity
  8
A-TITLE
100
AcDbText
 10
1085.0
 20
145.6
 30
0.0
 40
1.7
  1
HEIGHT: 150 FT
  7
OpenSans
 11
1085.0
 21
145.6
 31
0.0
100
AcDbText
  0
TEXT
  5
167
330
17
100
AcDbEntity
  8
A-TITLE
100
AcDbText
 10
1085.0
 20
140.39999999999998
 30
0.0
 40
1.7
  1

  7
OpenSans
 11
1085.0
 21
140.39999999999998
 31
0.0
100
AcDbText
  0
TEXT
  5
168
330
17
100
AcDbEntity
  8
A-TITLE
100
AcDbText
 10
1085.0
 20
135.2
 30
0.0
 40
1.7
  1
REV 2  2026-10-08
  7
OpenSans
 11
1085.0
 21
135.2
 31
0.0
100
AcDbText
  0
TEXT
  5
169
330
17
100
AcDbEntity
  8
A-TITLE
100
AcDbText
 10
1085.0
 20
130.0
 30
0.0
 40
1.7
  1
ISSUED FOR CONSTRUCTION
  7
OpenSans
 11
1085.0
 21
130.0
 31
0.0
100
AcDbText
  0
TEXT
  5
16A
330
17
100
AcDbEntity
  8
A-TITLE
100
AcDbText
 10
1085.0
 20
124.8
 30
0.0
 40
1.7
  1

  7
OpenSans
 11
1085.0
 21
124.8
 31
0.0
100
AcDbText
  0
TEXT
  5
16B
330
17
100
AcDbEntity
  8
A-TITLE
100
AcDbText
 10
1085.0
 20
119.6
 30
0.0
 40
1.7
  1
NOT FOR CONSTRUCTION -
  7
OpenSans
 11
1085.0
 21
119.6
 31
0.0
100
AcDbText
  0
TEXT
  5
16C
330
17
100
AcDbEntity
  8
A-TITLE
100
AcDbText
 10
1085.0
 20
114.39999999999999
 30
0.0
 40
1.7
  1
SYNTHETIC POC DATA
  7
OpenSans
 11
1085.0
 21
114.39999999999999
 31
0.0
100
AcDbText
  0
TEXT
  5
16D
330
17
100
AcDbEntity
  8
A-TITLE
100
AcDbText
 10
1085.0
 20
30.0
 30
0.0
 40
1.6
  1
SHEET TITLE:
  7
OpenSans
 11
1085.0
 21
30.0
 31
0.0
100
AcDbText
  0
TEXT
  5
16E
330
17
100
AcDbEntity
  8
A-TITLE
100
AcDbText
 10
1085.0
 20
24.0
 30
0.0
 40
1.8
  1
ANTENNA LAYOUT PLAN
  7
OpenSans
 11
1085.0
 21
24.0
 31
0.0
100
AcDbText
  0
TEXT
  5
16F
330
17
100
AcDbEntity
  8
A-TITLE
100
AcDbText
 10
1085.0
 20
12.0
 30
0.0
 40
3.2
  1
SHEET A-3
  7
OpenSans
 11
1085.0
 21
12.0
 31
0.0
100
AcDbText
  0
CIRCLE
  5
170
330
17
100
AcDbEntity
  8
A-STRUCT
100
AcDbCircle
 10
930.0
 20
110.0
 30
0.0
 40
4.0
  0
LINE
  5
171
330
17
100
AcDbEntity
  8
A-TEXT
100
AcDbLine
 10
820.0
 20
185.0
 30
0.0
 11
820.0
 21
200.0
 31
0.0
  0
TEXT
  5
172
330
17
100
AcDbEntity
  8
A-TEXT
100
AcDbText
 10
818.0
 20
202.0
 30
0.0
 40
3.0
  1
N
  7
OpenSans
 11
818.0
 21
202.0
 31
0.0
100
AcDbText
  0
LINE
  5
173
330
17
100
AcDbEntity
  8
A-MOUNT
100
AcDbLine
 10
930.0
 20
116.0
 30
0.0
 11
930.0
 21
162.0
 31
0.0
  0
LINE
  5
174
330
17
100
AcDbEntity
  8
A-MOUNT
100
AcDbLine
 10
908.0
 20
162.0
 30
0.0
 11
952.0
 21
162.0
 31
0.0
  0
TEXT
  5
175
330
17
100
AcDbEntity
  8
A-TEXT
100
AcDbText
 10
930.0
 20
192.0
 30
0.0
 40
2.2
  1
ALPHA 0 DEG
  7
OpenSans
 72
1
 11
930.0
 21
192.0
 31
0.0
100
AcDbText
 73
2
  0
INSERT
  5
176
330
17
100
AcDbEntity
  8
A-MOUNT
100
AcDbBlockReference
 66
1
  2
PIPE
 10
915.0
 20
162.0
 30
0.0
  0
ATTRIB
  5
178
330
176
100
AcDbEntity
  8
0
100
AcDbText
 10
915.0
 20
159.0
 30
0.0
 40
1.2
  1
Alpha
 11
915.0
 21
159.0
 31
0.0
100
AcDbAttribute
  2
SECTOR
 70
1
 71
1
 72
0
 11
915.0
 21
159.0
 31
0.0
  0
ATTRIB
  5
179
330
176
100
AcDbEntity
  8
0
100
AcDbText
 10
915.0
 20
157.4
 30
0.0
 40
1.2
  1
1
 11
915.0
 21
157.4
 31
0.0
100
AcDbAttribute
  2
POSITION
 70
1
 71
1
 72
0
 11
915.0
 21
157.4
 31
0.0
  0
ATTRIB
  5
17A
330
176
100
AcDbEntity
  8
0
100
AcDbText
 10
915.0
 20
155.8
 30
0.0
 40
1.2
  1
EXISTING
 11
915.0
 21
155.8
 31
0.0
100
AcDbAttribute
  2
STATUS
 70
1
 71
1
 72
0
 11
915.0
 21
155.8
 31
0.0
  0
SEQEND
  5
177
330
17
100
AcDbEntity
  8
A-MOUNT
  0
INSERT
  5
17B
330
17
100
AcDbEntity
  8
A-ANT-EXIST
100
AcDbBlockReference
 66
1
  2
ANT_PANEL
 10
915.0
 20
165.5
 30
0.0
 41
0.8
 42
0.8
  0
ATTRIB
  5
17D
330
17B
100
AcDbEntity
  8
0
100
AcDbText
 10
915.0
 20
163.1
 30
0.0
 40
0.96
  1
Alpha
 11
915.0
 21
163.1
 31
0.0
100
AcDbAttribute
  2
SECTOR
 70
1
 71
1
 72
0
 11
915.0
 21
163.1
 31
0.0
  0
ATTRIB
  5
17E
330
17B
100
AcDbEntity
  8
0
100
AcDbText
 10
915.0
 20
161.82
 30
0.0
 40
0.96
  1
1
 11
915.0
 21
161.82
 31
0.0
100
AcDbAttribute
  2
POSITION
 70
1
 71
1
 72
0
 11
915.0
 21
161.82
 31
0.0
  0
ATTRIB
  5
17F
330
17B
100
AcDbEntity
  8
0
100
AcDbText
 10
915.0
 20
160.54
 30
0.0
 40
0.96
  1
CommScope
 11
915.0
 21
160.54
 31
0.0
100
AcDbAttribute
  2
MFR
 70
1
 71
1
 72
0
 11
915.0
 21
160.54
 31
0.0
  0
ATTRIB
  5
180
330
17B
100
AcDbEntity
  8
0
100
AcDbText
 10
915.0
 20
159.26
 30
0.0
 40
0.96
  1
NNH4-65B-R6
 11
915.0
 21
159.26
 31
0.0
100
AcDbAttribute
  2
MODEL
 70
1
 71
1
 72
0
 11
915.0
 21
159.26
 31
0.0
  0
ATTRIB
  5
181
330
17B
100
AcDbEntity
  8
0
100
AcDbText
 10
915.0
 20
157.98
 30
0.0
 40
0.96
  1
EXISTING
 11
915.0
 21
157.98
 31
0.0
100
AcDbAttribute
  2
STATUS
 70
1
 71
1
 72
0
 11
915.0
 21
157.98
 31
0.0
  0
ATTRIB
  5
182
330
17B
100
AcDbEntity
  8
0
100
AcDbText
 10
915.0
 20
156.7
 30
0.0
 40
0.96
  1
0
 11
915.0
 21
156.7
 31
0.0
100
AcDbAttribute
  2
AZIMUTH
 70
1
 71
1
 72
0
 11
915.0
 21
156.7
 31
0.0
  0
ATTRIB
  5
183
330
17B
100
AcDbEntity
  8
0
100
AcDbText
 10
915.0
 20
155.42
 30
0.0
 40
0.96
  1
145
 11
915.0
 21
155.42
 31
0.0
100
AcDbAttribute
  2
RAD_CENTER_FT
 70
1
 71
1
 72
0
 11
915.0
 21
155.42
 31
0.0
  0
ATTRIB
  5
184
330
17B
100
AcDbEntity
  8
0
100
AcDbText
 10
915.0
 20
154.14
 30
0.0
 40
0.96
  1
0
 11
915.0
 21
154.14
 31
0.0
100
AcDbAttribute
  2
MECH_TILT
 70
1
 71
1
 72
0
 11
915.0
 21
154.14
 31
0.0
  0
SEQEND
  5
17C
330
17
100
AcDbEntity
  8
A-ANT-EXIST
  0
TEXT
  5
185
330
17
100
AcDbEntity
  8
A-TEXT
100
AcDbText
 10
921.5
 20
166.7
 30
0.0
 40
1.25
  1
A1 (E) NNH4-65B-R6
  7
OpenSans
 11
921.5
 21
166.7
 31
0.0
100
AcDbText
 73
2
  0
INSERT
  5
186
330
17
100
AcDbEntity
  8
A-RRU-EXIST
100
AcDbBlockReference
 66
1
  2
RRU
 10
915.0
 20
159.0
 30
0.0
 41
0.6
 42
0.6
  0
ATTRIB
  5
188
330
186
100
AcDbEntity
  8
0
100
AcDbText
 10
915.0
 20
157.2
 30
0.0
 40
0.72
  1
Alpha
 11
915.0
 21
157.2
 31
0.0
100
AcDbAttribute
  2
SECTOR
 70
1
 71
1
 72
0
 11
915.0
 21
157.2
 31
0.0
  0
ATTRIB
  5
189
330
186
100
AcDbEntity
  8
0
100
AcDbText
 10
915.0
 20
156.24
 30
0.0
 40
0.72
  1
1
 11
915.0
 21
156.24
 31
0.0
100
AcDbAttribute
  2
POSITION
 70
1
 71
1
 72
0
 11
915.0
 21
156.24
 31
0.0
  0
ATTRIB
  5
18A
330
186
100
AcDbEntity
  8
0
100
AcDbText
 10
915.0
 20
155.28
 30
0.0
 40
0.72
  1
Radio 4449 B5 B12
 11
915.0
 21
155.28
 31
0.0
100
AcDbAttribute
  2
MODEL
 70
1
 71
1
 72
0
 11
915.0
 21
155.28
 31
0.0
  0
ATTRIB
  5
18B
330
186
100
AcDbEntity
  8
0
100
AcDbText
 10
915.0
 20
154.32
 30
0.0
 40
0.72
  1
EXISTING
 11
915.0
 21
154.32
 31
0.0
100
AcDbAttribute
  2
STATUS
 70
1
 71
1
 72
0
 11
915.0
 21
154.32
 31
0.0
  0
ATTRIB
  5
18C
330
186
100
AcDbEntity
  8
0
100
AcDbText
 10
915.0
 20
153.36
 30
0.0
 40
0.72
  1
B5/B12
 11
915.0
 21
153.36
 31
0.0
100
AcDbAttribute
  2
BANDS
 70
1
 71
1
 72
0
 11
915.0
 21
153.36
 31
0.0
  0
SEQEND
  5
187
330
17
100
AcDbEntity
  8
A-RRU-EXIST
  0
INSERT
  5
18D
330
17
100
AcDbEntity
  8
A-RRU-EXIST
100
AcDbBlockReference
 66
1
  2
RRU
 10
915.0
 20
156.8
 30
0.0
 41
0.6
 42
0.6
  0
ATTRIB
  5
18F
330
18D
100
AcDbEntity
  8
0
100
AcDbText
 10
915.0
 20
155.0
 30
0.0
 40
0.72
  1
Alpha
 11
915.0
 21
155.0
 31
0.0
100
AcDbAttribute
  2
SECTOR
 70
1
 71
1
 72
0
 11
915.0
 21
155.0
 31
0.0
  0
ATTRIB
  5
190
330
18D
100
AcDbEntity
  8
0
100
AcDbText
 10
915.0
 20
154.04000000000002
 30
0.0
 40
0.72
  1
1
 11
915.0
 21
154.04000000000002
 31
0.0
100
AcDbAttribute
  2
POSITION
 70
1
 71
1
 72
0
 11
915.0
 21
154.04000000000002
 31
0.0
  0
ATTRIB
  5
191
330
18D
100
AcDbEntity
  8
0
100
AcDbText
 10
915.0
 20
153.08
 30
0.0
 40
0.72
  1
Radio 4460 B2 B66
 11
915.0
 21
153.08
 31
0.0
100
AcDbAttribute
  2
MODEL
 70
1
 71
1
 72
0
 11
915.0
 21
153.08
 31
0.0
  0
ATTRIB
  5
192
330
18D
100
AcDbEntity
  8
0
100
AcDbText
 10
915.0
 20
152.12
 30
0.0
 40
0.72
  1
EXISTING
 11
915.0
 21
152.12
 31
0.0
100
AcDbAttribute
  2
STATUS
 70
1
 71
1
 72
0
 11
915.0
 21
152.12
 31
0.0
  0
ATTRIB
  5
193
330
18D
100
AcDbEntity
  8
0
100
AcDbText
 10
915.0
 20
151.16000000000003
 30
0.0
 40
0.72
  1
B2/B66
 11
915.0
 21
151.16000000000003
 31
0.0
100
AcDbAttribute
  2
BANDS
 70
1
 71
1
 72
0
 11
915.0
 21
151.16000000000003
 31
0.0
  0
SEQEND
  5
18E
330
17
100
AcDbEntity
  8
A-RRU-EXIST
  0
INSERT
  5
194
330
17
100
AcDbEntity
  8
A-MOUNT
100
AcDbBlockReference
 66
1
  2
PIPE
 10
930.0
 20
162.0
 30
0.0
  0
ATTRIB
  5
196
330
194
100
AcDbEntity
  8
0
100
AcDbText
 10
930.0
 20
159.0
 30
0.0
 40
1.2
  1
Alpha
 11
930.0
 21
159.0
 31
0.0
100
AcDbAttribute
  2
SECTOR
 70
1
 71
1
 72
0
 11
930.0
 21
159.0
 31
0.0
  0
ATTRIB
  5
197
330
194
100
AcDbEntity
  8
0
100
AcDbText
 10
930.0
 20
157.4
 30
0.0
 40
1.2
  1
2
 11
930.0
 21
157.4
 31
0.0
100
AcDbAttribute
  2
POSITION
 70
1
 71
1
 72
0
 11
930.0
 21
157.4
 31
0.0
  0
ATTRIB
  5
198
330
194
100
AcDbEntity
  8
0
100
AcDbText
 10
930.0
 20
155.8
 30
0.0
 40
1.2
  1
EXISTING
 11
930.0
 21
155.8
 31
0.0
100
AcDbAttribute
  2
STATUS
 70
1
 71
1
 72
0
 11
930.0
 21
155.8
 31
0.0
  0
SEQEND
  5
195
330
17
100
AcDbEntity
  8
A-MOUNT
  0
INSERT
  5
199
330
17
100
AcDbEntity
  8
A-ANT-EXIST
100
AcDbBlockReference
 66
1
  2
ANT_PANEL
 10
930.0
 20
165.5
 30
0.0
 41
0.8
 42
0.8
  0
ATTRIB
  5
19B
330
199
100
AcDbEntity
  8
0
100
AcDbText
 10
930.0
 20
163.1
 30
0.0
 40
0.96
  1
Alpha
 11
930.0
 21
163.1
 31
0.0
100
AcDbAttribute
  2
SECTOR
 70
1
 71
1
 72
0
 11
930.0
 21
163.1
 31
0.0
  0
ATTRIB
  5
19C
330
199
100
AcDbEntity
  8
0
100
AcDbText
 10
930.0
 20
161.82
 30
0.0
 40
0.96
  1
2
 11
930.0
 21
161.82
 31
0.0
100
AcDbAttribute
  2
POSITION
 70
1
 71
1
 72
0
 11
930.0
 21
161.82
 31
0.0
  0
ATTRIB
  5
19D
330
199
100
AcDbEntity
  8
0
100
AcDbText
 10
930.0
 20
160.54
 30
0.0
 40
0.96
  1
RFS
 11
930.0
 21
160.54
 31
0.0
100
AcDbAttribute
  2
MFR
 70
1
 71
1
 72
0
 11
930.0
 21
160.54
 31
0.0
  0
ATTRIB
  5
19E
330
199
100
AcDbEntity
  8
0
100
AcDbText
 10
930.0
 20
159.26
 30
0.0
 40
0.96
  1
APXVSPP18-C-A20
 11
930.0
 21
159.26
 31
0.0
100
AcDbAttribute
  2
MODEL
 70
1
 71
1
 72
0
 11
930.0
 21
159.26
 31
0.0
  0
ATTRIB
  5
19F
330
199
100
AcDbEntity
  8
0
100
AcDbText
 10
930.0
 20
157.98
 30
0.0
 40
0.96
  1
EXISTING
 11
930.0
 21
157.98
 31
0.0
100
AcDbAttribute
  2
STATUS
 70
1
 71
1
 72
0
 11
930.0
 21
157.98
 31
0.0
  0
ATTRIB
  5
1A0
330
199
100
AcDbEntity
  8
0
100
AcDbText
 10
930.0
 20
156.7
 30
0.0
 40
0.96
  1
0
 11
930.0
 21
156.7
 31
0.0
100
AcDbAttribute
  2
AZIMUTH
 70
1
 71
1
 72
0
 11
930.0
 21
156.7
 31
0.0
  0
ATTRIB
  5
1A1
330
199
100
AcDbEntity
  8
0
100
AcDbText
 10
930.0
 20
155.42
 30
0.0
 40
0.96
  1
145
 11
930.0
 21
155.42
 31
0.0
100
AcDbAttribute
  2
RAD_CENTER_FT
 70
1
 71
1
 72
0
 11
930.0
 21
155.42
 31
0.0
  0
ATTRIB
  5
1A2
330
199
100
AcDbEntity
  8
0
100
AcDbText
 10
930.0
 20
154.14
 30
0.0
 40
0.96
  1
0
 11
930.0
 21
154.14
 31
0.0
100
AcDbAttribute
  2
MECH_TILT
 70
1
 71
1
 72
0
 11
930.0
 21
154.14
 31
0.0
  0
SEQEND
  5
19A
330
17
100
AcDbEntity
  8
A-ANT-EXIST
  0
TEXT
  5
1A3
330
17
100
AcDbEntity
  8
A-TEXT
100
AcDbText
 10
936.5
 20
166.7
 30
0.0
 40
1.25
  1
A2 (E) APXVSPP18-C-A20
  7
OpenSans
 11
936.5
 21
166.7
 31
0.0
100
AcDbText
 73
2
  0
INSERT
  5
1A4
330
17
100
AcDbEntity
  8
A-RRU-EXIST
100
AcDbBlockReference
 66
1
  2
RRU
 10
930.0
 20
159.0
 30
0.0
 41
0.6
 42
0.6
  0
ATTRIB
  5
1A6
330
1A4
100
AcDbEntity
  8
0
100
AcDbText
 10
930.0
 20
157.2
 30
0.0
 40
0.72
  1
Alpha
 11
930.0
 21
157.2
 31
0.0
100
AcDbAttribute
  2
SECTOR
 70
1
 71
1
 72
0
 11
930.0
 21
157.2
 31
0.0
  0
ATTRIB
  5
1A7
330
1A4
100
AcDbEntity
  8
0
100
AcDbText
 10
930.0
 20
156.24
 30
0.0
 40
0.72
  1
2
 11
930.0
 21
156.24
 31
0.0
100
AcDbAttribute
  2
POSITION
 70
1
 71
1
 72
0
 11
930.0
 21
156.24
 31
0.0
  0
ATTRIB
  5
1A8
330
1A4
100
AcDbEntity
  8
0
100
AcDbText
 10
930.0
 20
155.28
 30
0.0
 40
0.72
  1
Radio 2217 B66A
 11
930.0
 21
155.28
 31
0.0
100
AcDbAttribute
  2
MODEL
 70
1
 71
1
 72
0
 11
930.0
 21
155.28
 31
0.0
  0
ATTRIB
  5
1A9
330
1A4
100
AcDbEntity
  8
0
100
AcDbText
 10
930.0
 20
154.32
 30
0.0
 40
0.72
  1
EXISTING
 11
930.0
 21
154.32
 31
0.0
100
AcDbAttribute
  2
STATUS
 70
1
 71
1
 72
0
 11
930.0
 21
154.32
 31
0.0
  0
ATTRIB
  5
1AA
330
1A4
100
AcDbEntity
  8
0
100
AcDbText
 10
930.0
 20
153.36
 30
0.0
 40
0.72
  1
B66
 11
930.0
 21
153.36
 31
0.0
100
AcDbAttribute
  2
BANDS
 70
1
 71
1
 72
0
 11
930.0
 21
153.36
 31
0.0
  0
SEQEND
  5
1A5
330
17
100
AcDbEntity
  8
A-RRU-EXIST
  0
INSERT
  5
1AB
330
17
100
AcDbEntity
  8
A-MOUNT
100
AcDbBlockReference
 66
1
  2
PIPE
 10
945.0
 20
162.0
 30
0.0
  0
ATTRIB
  5
1AD
330
1AB
100
AcDbEntity
  8
0
100
AcDbText
 10
945.0
 20
159.0
 30
0.0
 40
1.2
  1
Alpha
 11
945.0
 21
159.0
 31
0.0
100
AcDbAttribute
  2
SECTOR
 70
1
 71
1
 72
0
 11
945.0
 21
159.0
 31
0.0
  0
ATTRIB
  5
1AE
330
1AB
100
AcDbEntity
  8
0
100
AcDbText
 10
945.0
 20
157.4
 30
0.0
 40
1.2
  1
3
 11
945.0
 21
157.4
 31
0.0
100
AcDbAttribute
  2
POSITION
 70
1
 71
1
 72
0
 11
945.0
 21
157.4
 31
0.0
  0
ATTRIB
  5
1AF
330
1AB
100
AcDbEntity
  8
0
100
AcDbText
 10
945.0
 20
155.8
 30
0.0
 40
1.2
  1
EXISTING SPARE
 11
945.0
 21
155.8
 31
0.0
100
AcDbAttribute
  2
STATUS
 70
1
 71
1
 72
0
 11
945.0
 21
155.8
 31
0.0
  0
SEQEND
  5
1AC
330
17
100
AcDbEntity
  8
A-MOUNT
  0
INSERT
  5
1B0
330
17
100
AcDbEntity
  8
A-ANT-NEW
100
AcDbBlockReference
 66
1
  2
AAU
 10
945.0
 20
165.5
 30
0.0
 41
0.8
 42
0.8
  0
ATTRIB
  5
1B2
330
1B0
100
AcDbEntity
  8
0
100
AcDbText
 10
945.0
 20
163.1
 30
0.0
 40
0.96
  1
Alpha
 11
945.0
 21
163.1
 31
0.0
100
AcDbAttribute
  2
SECTOR
 70
1
 71
1
 72
0
 11
945.0
 21
163.1
 31
0.0
  0
ATTRIB
  5
1B3
330
1B0
100
AcDbEntity
  8
0
100
AcDbText
 10
945.0
 20
161.82
 30
0.0
 40
0.96
  1
3
 11
945.0
 21
161.82
 31
0.0
100
AcDbAttribute
  2
POSITION
 70
1
 71
1
 72
0
 11
945.0
 21
161.82
 31
0.0
  0
ATTRIB
  5
1B4
330
1B0
100
AcDbEntity
  8
0
100
AcDbText
 10
945.0
 20
160.54
 30
0.0
 40
0.96
  1
Ericsson
 11
945.0
 21
160.54
 31
0.0
100
AcDbAttribute
  2
MFR
 70
1
 71
1
 72
0
 11
945.0
 21
160.54
 31
0.0
  0
ATTRIB
  5
1B5
330
1B0
100
AcDbEntity
  8
0
100
AcDbText
 10
945.0
 20
159.26
 30
0.0
 40
0.96
  1
AIR 6449 B77D
 11
945.0
 21
159.26
 31
0.0
100
AcDbAttribute
  2
MODEL
 70
1
 71
1
 72
0
 11
945.0
 21
159.26
 31
0.0
  0
ATTRIB
  5
1B6
330
1B0
100
AcDbEntity
  8
0
100
AcDbText
 10
945.0
 20
157.98
 30
0.0
 40
0.96
  1
NEW
 11
945.0
 21
157.98
 31
0.0
100
AcDbAttribute
  2
STATUS
 70
1
 71
1
 72
0
 11
945.0
 21
157.98
 31
0.0
  0
ATTRIB
  5
1B7
330
1B0
100
AcDbEntity
  8
0
100
AcDbText
 10
945.0
 20
156.7
 30
0.0
 40
0.96
  1
0
 11
945.0
 21
156.7
 31
0.0
100
AcDbAttribute
  2
AZIMUTH
 70
1
 71
1
 72
0
 11
945.0
 21
156.7
 31
0.0
  0
ATTRIB
  5
1B8
330
1B0
100
AcDbEntity
  8
0
100
AcDbText
 10
945.0
 20
155.42
 30
0.0
 40
0.96
  1
138
 11
945.0
 21
155.42
 31
0.0
100
AcDbAttribute
  2
RAD_CENTER_FT
 70
1
 71
1
 72
0
 11
945.0
 21
155.42
 31
0.0
  0
ATTRIB
  5
1B9
330
1B0
100
AcDbEntity
  8
0
100
AcDbText
 10
945.0
 20
154.14
 30
0.0
 40
0.96
  1
1
 11
945.0
 21
154.14
 31
0.0
100
AcDbAttribute
  2
MECH_TILT
 70
1
 71
1
 72
0
 11
945.0
 21
154.14
 31
0.0
  0
SEQEND
  5
1B1
330
17
100
AcDbEntity
  8
A-ANT-NEW
  0
TEXT
  5
1BA
330
17
100
AcDbEntity
  8
A-TEXT
100
AcDbText
 10
951.5
 20
166.7
 30
0.0
 40
1.25
  1
A3 (P) AIR 6449 B77D
  7
OpenSans
 11
951.5
 21
166.7
 31
0.0
100
AcDbText
 73
2
  0
LINE
  5
1BB
330
17
100
AcDbEntity
  8
A-MOUNT
100
AcDbLine
 10
935.1961524227066
 20
107.0
 30
0.0
 11
975.0333209967908
 21
84.00000000000001
 31
0.0
  0
LINE
  5
1BC
330
17
100
AcDbEntity
  8
A-MOUNT
100
AcDbLine
 10
986.0333209967908
 20
103.05255888325766
 30
0.0
 11
964.0333209967908
 21
64.94744111674237
 31
0.0
  0
TEXT
  5
1BD
330
17
100
AcDbEntity
  8
A-TEXT
100
AcDbText
 10
1001.014083110324
 20
69.00000000000003
 30
0.0
 40
2.2
  1
BETA 120 DEG
  7
OpenSans
 72
1
 11
1001.014083110324
 21
69.00000000000003
 31
0.0
100
AcDbText
 73
2
  0
INSERT
  5
1BE
330
17
100
AcDbEntity
  8
A-MOUNT
100
AcDbBlockReference
 66
1
  2
PIPE
 10
982.5333209967908
 20
96.9903810567666
 30
0.0
  0
ATTRIB
  5
1C0
330
1BE
100
AcDbEntity
  8
0
100
AcDbText
 10
982.5333209967908
 20
93.9903810567666
 30
0.0
 40
1.2
  1
Beta
 11
982.5333209967908
 21
93.9903810567666
 31
0.0
100
AcDbAttribute
  2
SECTOR
 70
1
 71
1
 72
0
 11
982.5333209967908
 21
93.9903810567666
 31
0.0
  0
ATTRIB
  5
1C1
330
1BE
100
AcDbEntity
  8
0
100
AcDbText
 10
982.5333209967908
 20
92.3903810567666
 30
0.0
 40
1.2
  1
1
 11
982.5333209967908
 21
92.3903810567666
 31
0.0
100
AcDbAttribute
  2
POSITION
 70
1
 71
1
 72
0
 11
982.5333209967908
 21
92.3903810567666
 31
0.0
  0
ATTRIB
  5
1C2
330
1BE
100
AcDbEntity
  8
0
100
AcDbText
 10
982.5333209967908
 20
90.79038105676659
 30
0.0
 40
1.2
  1
EXISTING
 11
982.5333209967908
 21
90.79038105676659
 31
0.0
100
AcDbAttribute
  2
STATUS
 70
1
 71
1
 72
0
 11
982.5333209967908
 21
90.79038105676659
 31
0.0
  0
SEQEND
  5
1BF
330
17
100
AcDbEntity
  8
A-MOUNT
  0
INSERT
  5
1C3
330
17
100
AcDbEntity
  8
A-ANT-EXIST
100
AcDbBlockReference
 66
1
  2
ANT_PANEL
 10
985.5644099100364
 20
95.2403810567666
 30
0.0
 41
0.8
 42
0.8
 50
-120.0
  0
ATTRIB
  5
1C5
330
1C3
100
AcDbEntity
  8
0
100
AcDbText
 10
983.4859489409537
 20
96.4403810567666
 30
0.0
 40
0.96
  1
Beta
 50
-119.99999999999999
 11
983.4859489409537
 21
96.4403810567666
 31
0.0
100
AcDbAttribute
  2
SECTOR
 70
1
 71
1
 72
0
 11
983.4859489409537
 21
96.4403810567666
 31
0.0
  0
ATTRIB
  5
1C6
330
1C3
100
AcDbEntity
  8
0
100
AcDbText
 10
982.3774364241096
 20
97.0803810567666
 30
0.0
 40
0.96
  1
1
 50
-119.99999999999999
 11
982.3774364241096
 21
97.0803810567666
 31
0.0
100
AcDbAttribute
  2
POSITION
 70
1
 71
1
 72
0
 11
982.3774364241096
 21
97.0803810567666
 31
0.0
  0
ATTRIB
  5
1C7
330
1C3
100
AcDbEntity
  8
0
100
AcDbText
 10
981.2689239072655
 20
97.7203810567666
 30
0.0
 40
0.96
  1
CommScope
 50
-119.99999999999999
 11
981.2689239072655
 21
97.7203810567666
 31
0.0
100
AcDbAttribute
  2
MFR
 70
1
 71
1
 72
0
 11
981.2689239072655
 21
97.7203810567666
 31
0.0
  0
ATTRIB
  5
1C8
330
1C3
100
AcDbEntity
  8
0
100
AcDbText
 10
980.1604113904215
 20
98.3603810567666
 30
0.0
 40
0.96
  1
NNH4-65B-R6
 50
-119.99999999999999
 11
980.1604113904215
 21
98.3603810567666
 31
0.0
100
AcDbAttribute
  2
MODEL
 70
1
 71
1
 72
0
 11
980.1604113904215
 21
98.3603810567666
 31
0.0
  0
ATTRIB
  5
1C9
330
1C3
100
AcDbEntity
  8
0
100
AcDbText
 10
979.0518988735774
 20
99.0003810567666
 30
0.0
 40
0.96
  1
EXISTING
 50
-119.99999999999999
 11
979.0518988735774
 21
99.0003810567666
 31
0.0
100
AcDbAttribute
  2
STATUS
 70
1
 71
1
 72
0
 11
979.0518988735774
 21
99.0003810567666
 31
0.0
  0
ATTRIB
  5
1CA
330
1C3
100
AcDbEntity
  8
0
100
AcDbText
 10
977.9433863567333
 20
99.64038105676659
 30
0.0
 40
0.96
  1
120
 50
-119.99999999999999
 11
977.9433863567333
 21
99.64038105676659
 31
0.0
100
AcDbAttribute
  2
AZIMUTH
 70
1
 71
1
 72
0
 11
977.9433863567333
 21
99.64038105676659
 31
0.0
  0
ATTRIB
  5
1CB
330
1C3
100
AcDbEntity
  8
0
100
AcDbText
 10
976.8348738398893
 20
100.2803810567666
 30
0.0
 40
0.96
  1
145
 50
-119.99999999999999
 11
976.8348738398893
 21
100.2803810567666
 31
0.0
100
AcDbAttribute
  2
RAD_CENTER_FT
 70
1
 71
1
 72
0
 11
976.8348738398893
 21
100.2803810567666
 31
0.0
  0
ATTRIB
  5
1CC
330
1C3
100
AcDbEntity
  8
0
100
AcDbText
 10
975.7263613230451
 20
100.92038105676659
 30
0.0
 40
0.96
  1
0
 50
-119.99999999999999
 11
975.7263613230451
 21
100.92038105676659
 31
0.0
100
AcDbAttribute
  2
MECH_TILT
 70
1
 71
1
 72
0
 11
975.7263613230451
 21
100.92038105676659
 31
0.0
  0
SEQEND
  5
1C4
330
17
100
AcDbEntity
  8
A-ANT-EXIST
  0
TEXT
  5
1CD
330
17
100
AcDbEntity
  8
A-TEXT
100
AcDbText
 10
983.3536403945777
 20
89.01121593216774
 30
0.0
 40
1.25
  1
B1 (E) NNH4-65B-R6
  7
OpenSans
 11
983.3536403945777
 21
89.01121593216774
 31
0.0
100
AcDbText
 73
2
  0
INSERT
  5
1CE
330
17
100
AcDbEntity
  8
A-RRU-EXIST
100
AcDbBlockReference
 66
1
  2
RRU
 10
979.9352447854376
 20
98.4903810567666
 30
0.0
 41
0.6
 42
0.6
 50
-120.0
  0
ATTRIB
  5
1D0
330
1CE
100
AcDbEntity
  8
0
100
AcDbText
 10
978.3763990586256
 20
99.3903810567666
 30
0.0
 40
0.7200000000000001
  1
Beta
 50
-119.99999999999999
 41
0.9999999999999998
 11
978.3763990586256
 21
99.3903810567666
 31
0.0
100
AcDbAttribute
  2
SECTOR
 70
1
 71
1
 72
0
 11
978.3763990586256
 21
99.3903810567666
 31
0.0
  0
ATTRIB
  5
1D1
330
1CE
100
AcDbEntity
  8
0
100
AcDbText
 10
977.5450146709925
 20
99.87038105676659
 30
0.0
 40
0.7200000000000001
  1
1
 50
-119.99999999999999
 41
0.9999999999999998
 11
977.5450146709925
 21
99.87038105676659
 31
0.0
100
AcDbAttribute
  2
POSITION
 70
1
 71
1
 72
0
 11
977.5450146709925
 21
99.87038105676659
 31
0.0
  0
ATTRIB
  5
1D2
330
1CE
100
AcDbEntity
  8
0
100
AcDbText
 10
976.7136302833595
 20
100.3503810567666
 30
0.0
 40
0.7200000000000001
  1
Radio 4449 B5 B12
 50
-119.99999999999999
 41
0.9999999999999998
 11
976.7136302833595
 21
100.3503810567666
 31
0.0
100
AcDbAttribute
  2
MODEL
 70
1
 71
1
 72
0
 11
976.7136302833595
 21
100.3503810567666
 31
0.0
  0
ATTRIB
  5
1D3
330
1CE
100
AcDbEntity
  8
0
100
AcDbText
 10
975.8822458957264
 20
100.8303810567666
 30
0.0
 40
0.7200000000000001
  1
EXISTING
 50
-119.99999999999999
 41
0.9999999999999998
 11
975.8822458957264
 21
100.8303810567666
 31
0.0
100
AcDbAttribute
  2
STATUS
 70
1
 71
1
 72
0
 11
975.8822458957264
 21
100.8303810567666
 31
0.0
  0
ATTRIB
  5
1D4
330
1CE
100
AcDbEntity
  8
0
100
AcDbText
 10
975.0508615080934
 20
101.31038105676659
 30
0.0
 40
0.7200000000000001
  1
B5/B12
 50
-119.99999999999999
 41
0.9999999999999998
 11
975.0508615080934
 21
101.31038105676659
 31
0.0
100
AcDbAttribute
  2
BANDS
 70
1
 71
1
 72
0
 11
975.0508615080934
 21
101.31038105676659
 31
0.0
  0
SEQEND
  5
1CF
330
17
100
AcDbEntity
  8
A-RRU-EXIST
  0
INSERT
  5
1D5
330
17
100
AcDbEntity
  8
A-RRU-EXIST
100
AcDbBlockReference
 66
1
  2
RRU
 10
978.0299888971118
 20
99.59038105676659
 30
0.0
 41
0.6
 42
0.6
 50
-120.0
  0
ATTRIB
  5
1D7
330
1D5
100
AcDbEntity
  8
0
100
AcDbText
 10
976.4711431702998
 20
100.4903810567666
 30
0.0
 40
0.7200000000000001
  1
Beta
 50
-119.99999999999999
 41
0.9999999999999998
 11
976.4711431702998
 21
100.4903810567666
 31
0.0
100
AcDbAttribute
  2
SECTOR
 70
1
 71
1
 72
0
 11
976.4711431702998
 21
100.4903810567666
 31
0.0
  0
ATTRIB
  5
1D8
330
1D5
100
AcDbEntity
  8
0
100
AcDbText
 10
975.6397587826667
 20
100.97038105676658
 30
0.0
 40
0.7200000000000001
  1
1
 50
-119.99999999999999
 41
0.9999999999999998
 11
975.6397587826667
 21
100.97038105676658
 31
0.0
100
AcDbAttribute
  2
POSITION
 70
1
 71
1
 72
0
 11
975.6397587826667
 21
100.97038105676658
 31
0.0
  0
ATTRIB
  5
1D9
330
1D5
100
AcDbEntity
  8
0
100
AcDbText
 10
974.8083743950338
 20
101.45038105676659
 30
0.0
 40
0.7200000000000001
  1
Radio 4460 B2 B66
 50
-119.99999999999999
 41
0.9999999999999998
 11
974.8083743950338
 21
101.45038105676659
 31
0.0
100
AcDbAttribute
  2
MODEL
 70
1
 71
1
 72
0
 11
974.8083743950338
 21
101.45038105676659
 31
0.0
  0
ATTRIB
  5
1DA
330
1D5
100
AcDbEntity
  8
0
100
AcDbText
 10
973.9769900074007
 20
101.93038105676659
 30
0.0
 40
0.7200000000000001
  1
EXISTING
 50
-119.99999999999999
 41
0.9999999999999998
 11
973.9769900074007
 21
101.93038105676659
 31
0.0
100
AcDbAttribute
  2
STATUS
 70
1
 71
1
 72
0
 11
973.9769900074007
 21
101.93038105676659
 31
0.0
  0
ATTRIB
  5
1DB
330
1D5
100
AcDbEntity
  8
0
100
AcDbText
 10
973.1456056197676
 20
102.41038105676658
 30
0.0
 40
0.7200000000000001
  1
B2/B66
 50
-119.99999999999999
 41
0.9999999999999998
 11
973.1456056197676
 21
102.41038105676658
 31
0.0
100
AcDbAttribute
  2
BANDS
 70
1
 71
1
 72
0
 11
973.1456056197676
 21
102.41038105676658
 31
0.0
  0
SEQEND
  5
1D6
330
17
100
AcDbEntity
  8
A-RRU-EXIST
  0
INSERT
  5
1DC
330
17
100
AcDbEntity
  8
A-MOUNT
100
AcDbBlockReference
 66
1
  2
PIPE
 10
975.0333209967908
 20
84.00000000000001
 30
0.0
  0
ATTRIB
  5
1DE
330
1DC
100
AcDbEntity
  8
0
100
AcDbText
 10
975.0333209967908
 20
81.00000000000001
 30
0.0
 40
1.2
  1
Beta
 11
975.0333209967908
 21
81.00000000000001
 31
0.0
100
AcDbAttribute
  2
SECTOR
 70
1
 71
1
 72
0
 11
975.0333209967908
 21
81.00000000000001
 31
0.0
  0
ATTRIB
  5
1DF
330
1DC
100
AcDbEntity
  8
0
100
AcDbText
 10
975.0333209967908
 20
79.40000000000002
 30
0.0
 40
1.2
  1
2
 11
975.0333209967908
 21
79.40000000000002
 31
0.0
100
AcDbAttribute
  2
POSITION
 70
1
 71
1
 72
0
 11
975.0333209967908
 21
79.40000000000002
 31
0.0
  0
ATTRIB
  5
1E0
330
1DC
100
AcDbEntity
  8
0
100
AcDbText
 10
975.0333209967908
 20
77.80000000000001
 30
0.0
 40
1.2
  1
EXISTING
 11
975.0333209967908
 21
77.80000000000001
 31
0.0
100
AcDbAttribute
  2
STATUS
 70
1
 71
1
 72
0
 11
975.0333209967908
 21
77.80000000000001
 31
0.0
  0
SEQEND
  5
1DD
330
17
100
AcDbEntity
  8
A-MOUNT
  0
INSERT
  5
1E1
330
17
100
AcDbEntity
  8
A-ANT-EXIST
100
AcDbBlockReference
 66
1
  2
ANT_PANEL
 10
978.0644099100364
 20
82.25000000000001
 30
0.0
 41
0.8
 42
0.8
 50
-120.0
  0
ATTRIB
  5
1E3
330
1E1
100
AcDbEntity
  8
0
100
AcDbText
 10
975.9859489409537
 20
83.45000000000002
 30
0.0
 40
0.96
  1
Beta
 50
-119.99999999999999
 11
975.9859489409537
 21
83.45000000000002
 31
0.0
100
AcDbAttribute
  2
SECTOR
 70
1
 71
1
 72
0
 11
975.9859489409537
 21
83.45000000000002
 31
0.0
  0
ATTRIB
  5
1E4
330
1E1
100
AcDbEntity
  8
0
100
AcDbText
 10
974.8774364241096
 20
84.09000000000002
 30
0.0
 40
0.96
  1
2
 50
-119.99999999999999
 11
974.8774364241096
 21
84.09000000000002
 31
0.0
100
AcDbAttribute
  2
POSITION
 70
1
 71
1
 72
0
 11
974.8774364241096
 21
84.09000000000002
 31
0.0
  0
ATTRIB
  5
1E5
330
1E1
100
AcDbEntity
  8
0
100
AcDbText
 10
973.7689239072655
 20
84.73000000000002
 30
0.0
 40
0.96
  1
RFS
 50
-119.99999999999999
 11
973.7689239072655
 21
84.73000000000002
 31
0.0
100
AcDbAttribute
  2
MFR
 70
1
 71
1
 72
0
 11
973.7689239072655
 21
84.73000000000002
 31
0.0
  0
ATTRIB
  5
1E6
330
1E1
100
AcDbEntity
  8
0
100
AcDbText
 10
972.6604113904215
 20
85.37000000000002
 30
0.0
 40
0.96
  1
APXVSPP18-C-A20
 50
-119.99999999999999
 11
972.6604113904215
 21
85.37000000000002
 31
0.0
100
AcDbAttribute
  2
MODEL
 70
1
 71
1
 72
0
 11
972.6604113904215
 21
85.37000000000002
 31
0.0
  0
ATTRIB
  5
1E7
330
1E1
100
AcDbEntity
  8
0
100
AcDbText
 10
971.5518988735774
 20
86.01000000000002
 30
0.0
 40
0.96
  1
EXISTING
 50
-119.99999999999999
 11
971.5518988735774
 21
86.01000000000002
 31
0.0
100
AcDbAttribute
  2
STATUS
 70
1
 71
1
 72
0
 11
971.5518988735774
 21
86.01000000000002
 31
0.0
  0
ATTRIB
  5
1E8
330
1E1
100
AcDbEntity
  8
0
100
AcDbText
 10
970.4433863567333
 20
86.65
 30
0.0
 40
0.96
  1
120
 50
-119.99999999999999
 11
970.4433863567333
 21
86.65
 31
0.0
100
AcDbAttribute
  2
AZIMUTH
 70
1
 71
1
 72
0
 11
970.4433863567333
 21
86.65
 31
0.0
  0
ATTRIB
  5
1E9
330
1E1
100
AcDbEntity
  8
0
100
AcDbText
 10
969.3348738398893
 20
87.29000000000002
 30
0.0
 40
0.96
  1
145
 50
-119.99999999999999
 11
969.3348738398893
 21
87.29000000000002
 31
0.0
100
AcDbAttribute
  2
RAD_CENTER_FT
 70
1
 71
1
 72
0
 11
969.3348738398893
 21
87.29000000000002
 31
0.0
  0
ATTRIB
  5
1EA
330
1E1
100
AcDbEntity
  8
0
100
AcDbText
 10
968.2263613230451
 20
87.93
 30
0.0
 40
0.96
  1
2
 50
-119.99999999999999
 11
968.2263613230451
 21
87.93
 31
0.0
100
AcDbAttribute
  2
MECH_TILT
 70
1
 71
1
 72
0
 11
968.2263613230451
 21
87.93
 31
0.0
  0
SEQEND
  5
1E2
330
17
100
AcDbEntity
  8
A-ANT-EXIST
  0
TEXT
  5
1EB
330
17
100
AcDbEntity
  8
A-TEXT
100
AcDbText
 10
975.8536403945777
 20
76.02083487540116
 30
0.0
 40
1.25
  1
B2 (E) APXVSPP18-C-A20
  7
OpenSans
 11
975.8536403945777
 21
76.02083487540116
 31
0.0
100
AcDbText
 73
2
  0
INSERT
  5
1EC
330
17
100
AcDbEntity
  8
A-RRU-EXIST
100
AcDbBlockReference
 66
1
  2
RRU
 10
972.4352447854376
 20
85.50000000000001
 30
0.0
 41
0.6
 42
0.6
 50
-120.0
  0
ATTRIB
  5
1EE
330
1EC
100
AcDbEntity
  8
0
100
AcDbText
 10
970.8763990586256
 20
86.40000000000002
 30
0.0
 40
0.7200000000000001
  1
Beta
 50
-119.99999999999999
 41
0.9999999999999998
 11
970.8763990586256
 21
86.40000000000002
 31
0.0
100
AcDbAttribute
  2
SECTOR
 70
1
 71
1
 72
0
 11
970.8763990586256
 21
86.40000000000002
 31
0.0
  0
ATTRIB
  5
1EF
330
1EC
100
AcDbEntity
  8
0
100
AcDbText
 10
970.0450146709925
 20
86.88000000000001
 30
0.0
 40
0.7200000000000001
  1
2
 50
-119.99999999999999
 41
0.9999999999999998
 11
970.0450146709925
 21
86.88000000000001
 31
0.0
100
AcDbAttribute
  2
POSITION
 70
1
 71
1
 72
0
 11
970.0450146709925
 21
86.88000000000001
 31
0.0
  0
ATTRIB
  5
1F0
330
1EC
100
AcDbEntity
  8
0
100
AcDbText
 10
969.2136302833595
 20
87.36000000000001
 30
0.0
 40
0.7200000000000001
  1
Radio 2217 B66A
 50
-119.99999999999999
 41
0.9999999999999998
 11
969.2136302833595
 21
87.36000000000001
 31
0.0
100
AcDbAttribute
  2
MODEL
 70
1
 71
1
 72
0
 11
969.2136302833595
 21
87.36000000000001
 31
0.0
  0
ATTRIB
  5
1F1
330
1EC
100
AcDbEntity
  8
0
100
AcDbText
 10
968.3822458957264
 20
87.84000000000002
 30
0.0
 40
0.7200000000000001
  1
EXISTING
 50
-119.99999999999999
 41
0.9999999999999998
 11
968.3822458957264
 21
87.84000000000002
 31
0.0
100
AcDbAttribute
  2
STATUS
 70
1
 71
1
 72
0
 11
968.3822458957264
 21
87.84000000000002
 31
0.0
  0
ATTRIB
  5
1F2
330
1EC
100
AcDbEntity
  8
0
100
AcDbText
 10
967.5508615080934
 20
88.32000000000001
 30
0.0
 40
0.7200000000000001
  1
B66
 50
-119.99999999999999
 41
0.9999999999999998
 11
967.5508615080934
 21
88.32000000000001
 31
0.0
100
AcDbAttribute
  2
BANDS
 70
1
 71
1
 72
0
 11
967.5508615080934
 21
88.32000000000001
 31
0.0
  0
SEQEND
  5
1ED
330
17
100
AcDbEntity
  8
A-RRU-EXIST
  0
INSERT
  5
1F3
330
17
100
AcDbEntity
  8
A-MOUNT
100
AcDbBlockReference
 66
1
  2
PIPE
 10
967.5333209967908
 20
71.00961894323343
 30
0.0
  0
ATTRIB
  5
1F5
330
1F3
100
AcDbEntity
  8
0
100
AcDbText
 10
967.5333209967908
 20
68.00961894323343
 30
0.0
 40
1.2
  1
Beta
 11
967.5333209967908
 21
68.00961894323343
 31
0.0
100
AcDbAttribute
  2
SECTOR
 70
1
 71
1
 72
0
 11
967.5333209967908
 21
68.00961894323343
 31
0.0
  0
ATTRIB
  5
1F6
330
1F3
100
AcDbEntity
  8
0
100
AcDbText
 10
967.5333209967908
 20
66.40961894323344
 30
0.0
 40
1.2
  1
3
 11
967.5333209967908
 21
66.40961894323344
 31
0.0
100
AcDbAttribute
  2
POSITION
 70
1
 71
1
 72
0
 11
967.5333209967908
 21
66.40961894323344
 31
0.0
  0
ATTRIB
  5
1F7
330
1F3
100
AcDbEntity
  8
0
100
AcDbText
 10
967.5333209967908
 20
64.80961894323343
 30
0.0
 40
1.2
  1
PROPOSED
 11
967.5333209967908
 21
64.80961894323343
 31
0.0
100
AcDbAttribute
  2
STATUS
 70
1
 71
1
 72
0
 11
967.5333209967908
 21
64.80961894323343
 31
0.0
  0
SEQEND
  5
1F4
330
17
100
AcDbEntity
  8
A-MOUNT
  0
INSERT
  5
1F8
330
17
100
AcDbEntity
  8
A-ANT-NEW
100
AcDbBlockReference
 66
1
  2
AAU
 10
970.5644099100364
 20
69.25961894323343
 30
0.0
 41
0.8
 42
0.8
 50
-120.0
  0
ATTRIB
  5
1FA
330
1F8
100
AcDbEntity
  8
0
100
AcDbText
 10
968.4859489409537
 20
70.45961894323344
 30
0.0
 40
0.96
  1
Beta
 50
-119.99999999999999
 11
968.4859489409537
 21
70.45961894323344
 31
0.0
100
AcDbAttribute
  2
SECTOR
 70
1
 71
1
 72
0
 11
968.4859489409537
 21
70.45961894323344
 31
0.0
  0
ATTRIB
  5
1FB
330
1F8
100
AcDbEntity
  8
0
100
AcDbText
 10
967.3774364241096
 20
71.09961894323344
 30
0.0
 40
0.96
  1
3
 50
-119.99999999999999
 11
967.3774364241096
 21
71.09961894323344
 31
0.0
100
AcDbAttribute
  2
POSITION
 70
1
 71
1
 72
0
 11
967.3774364241096
 21
71.09961894323344
 31
0.0
  0
ATTRIB
  5
1FC
330
1F8
100
AcDbEntity
  8
0
100
AcDbText
 10
966.2689239072655
 20
71.73961894323344
 30
0.0
 40
0.96
  1
Ericsson
 50
-119.99999999999999
 11
966.2689239072655
 21
71.73961894323344
 31
0.0
100
AcDbAttribute
  2
MFR
 70
1
 71
1
 72
0
 11
966.2689239072655
 21
71.73961894323344
 31
0.0
  0
ATTRIB
  5
1FD
330
1F8
100
AcDbEntity
  8
0
100
AcDbText
 10
965.1604113904215
 20
72.37961894323344
 30
0.0
 40
0.96
  1
AIR 6449 B77D
 50
-119.99999999999999
 11
965.1604113904215
 21
72.37961894323344
 31
0.0
100
AcDbAttribute
  2
MODEL
 70
1
 71
1
 72
0
 11
965.1604113904215
 21
72.37961894323344
 31
0.0
  0
ATTRIB
  5
1FE
330
1F8
100
AcDbEntity
  8
0
100
AcDbText
 10
964.0518988735774
 20
73.01961894323344
 30
0.0
 40
0.96
  1
NEW
 50
-119.99999999999999
 11
964.0518988735774
 21
73.01961894323344
 31
0.0
100
AcDbAttribute
  2
STATUS
 70
1
 71
1
 72
0
 11
964.0518988735774
 21
73.01961894323344
 31
0.0
  0
ATTRIB
  5
1FF
330
1F8
100
AcDbEntity
  8
0
100
AcDbText
 10
962.9433863567333
 20
73.65961894323343
 30
0.0
 40
0.96
  1
120
 50
-119.99999999999999
 11
962.9433863567333
 21
73.65961894323343
 31
0.0
100
AcDbAttribute
  2
AZIMUTH
 70
1
 71
1
 72
0
 11
962.9433863567333
 21
73.65961894323343
 31
0.0
  0
ATTRIB
  5
200
330
1F8
100
AcDbEntity
  8
0
100
AcDbText
 10
961.8348738398893
 20
74.29961894323344
 30
0.0
 40
0.96
  1
138
 50
-119.99999999999999
 11
961.8348738398893
 21
74.29961894323344
 31
0.0
100
AcDbAttribute
  2
RAD_CENTER_FT
 70
1
 71
1
 72
0
 11
961.8348738398893
 21
74.29961894323344
 31
0.0
  0
ATTRIB
  5
201
330
1F8
100
AcDbEntity
  8
0
100
AcDbText
 10
960.7263613230451
 20
74.93961894323343
 30
0.0
 40
0.96
  1
0
 50
-119.99999999999999
 11
960.7263613230451
 21
74.93961894323343
 31
0.0
100
AcDbAttribute
  2
MECH_TILT
 70
1
 71
1
 72
0
 11
960.7263613230451
 21
74.93961894323343
 31
0.0
  0
SEQEND
  5
1F9
330
17
100
AcDbEntity
  8
A-ANT-NEW
  0
TEXT
  5
202
330
17
100
AcDbEntity
  8
A-TEXT
100
AcDbText
 10
968.3536403945777
 20
63.03045381863459
 30
0.0
 40
1.25
  1
B3 (P) AIR 6449 B77D
  7
OpenSans
 11
968.3536403945777
 21
63.03045381863459
 31
0.0
100
AcDbText
 73
2
  0
LINE
  5
203
330
17
100
AcDbEntity
  8
A-MOUNT
100
AcDbLine
 10
924.8038475772934
 20
107.0
 30
0.0
 11
884.9666790032093
 21
83.99999999999997
 31
0.0
  0
LINE
  5
204
330
17
100
AcDbEntity
  8
A-MOUNT
100
AcDbLine
 10
895.9666790032093
 20
64.94744111674233
 30
0.0
 11
873.9666790032093
 21
103.05255888325762
 31
0.0
  0
TEXT
  5
205
330
17
100
AcDbEntity
  8
A-TEXT
100
AcDbText
 10
858.985916889676
 20
68.99999999999997
 30
0.0
 40
2.2
  1
GAMMA 240 DEG
  7
OpenSans
 72
1
 11
858.985916889676
 21
68.99999999999997
 31
0.0
100
AcDbText
 73
2
  0
INSERT
  5
206
330
17
100
AcDbEntity
  8
A-MOUNT
100
AcDbBlockReference
 66
1
  2
PIPE
 10
892.4666790032093
 20
71.00961894323339
 30
0.0
  0
ATTRIB
  5
208
330
206
100
AcDbEntity
  8
0
100
AcDbText
 10
892.4666790032093
 20
68.00961894323339
 30
0.0
 40
1.2
  1
Gamma
 11
892.4666790032093
 21
68.00961894323339
 31
0.0
100
AcDbAttribute
  2
SECTOR
 70
1
 71
1
 72
0
 11
892.4666790032093
 21
68.00961894323339
 31
0.0
  0
ATTRIB
  5
209
330
206
100
AcDbEntity
  8
0
100
AcDbText
 10
892.4666790032093
 20
66.4096189432334
 30
0.0
 40
1.2
  1
1
 11
892.4666790032093
 21
66.4096189432334
 31
0.0
100
AcDbAttribute
  2
POSITION
 70
1
 71
1
 72
0
 11
892.4666790032093
 21
66.4096189432334
 31
0.0
  0
ATTRIB
  5
20A
330
206
100
AcDbEntity
  8
0
100
AcDbText
 10
892.4666790032093
 20
64.80961894323339
 30
0.0
 40
1.2
  1
EXISTING
 11
892.4666790032093
 21
64.80961894323339
 31
0.0
100
AcDbAttribute
  2
STATUS
 70
1
 71
1
 72
0
 11
892.4666790032093
 21
64.80961894323339
 31
0.0
  0
SEQEND
  5
207
330
17
100
AcDbEntity
  8
A-MOUNT
  0
INSERT
  5
20B
330
17
100
AcDbEntity
  8
A-ANT-EXIST
100
AcDbBlockReference
 66
1
  2
ANT_PANEL
 10
889.4355900899637
 20
69.25961894323339
 30
0.0
 41
0.8
 42
0.8
 50
-240.0
  0
ATTRIB
  5
20D
330
20B
100
AcDbEntity
  8
0
100
AcDbText
 10
891.5140510590464
 20
70.4596189432334
 30
0.0
 40
0.9599999999999999
  1
Gamma
 50
120.00000000000004
 41
1.0000000000000002
 11
891.5140510590464
 21
70.4596189432334
 31
0.0
100
AcDbAttribute
  2
SECTOR
 70
1
 71
1
 72
0
 11
891.5140510590464
 21
70.4596189432334
 31
0.0
  0
ATTRIB
  5
20E
330
20B
100
AcDbEntity
  8
0
100
AcDbText
 10
892.6225635758905
 20
71.0996189432334
 30
0.0
 40
0.9599999999999999
  1
1
 50
120.00000000000004
 41
1.0000000000000002
 11
892.6225635758905
 21
71.0996189432334
 31
0.0
100
AcDbAttribute
  2
POSITION
 70
1
 71
1
 72
0
 11
892.6225635758905
 21
71.0996189432334
 31
0.0
  0
ATTRIB
  5
20F
330
20B
100
AcDbEntity
  8
0
100
AcDbText
 10
893.7310760927345
 20
71.7396189432334
 30
0.0
 40
0.9599999999999999
  1
CommScope
 50
120.00000000000004
 41
1.0000000000000002
 11
893.7310760927345
 21
71.7396189432334
 31
0.0
100
AcDbAttribute
  2
MFR
 70
1
 71
1
 72
0
 11
893.7310760927345
 21
71.7396189432334
 31
0.0
  0
ATTRIB
  5
210
330
20B
100
AcDbEntity
  8
0
100
AcDbText
 10
894.8395886095786
 20
72.3796189432334
 30
0.0
 40
0.9599999999999999
  1
NNH4-65B-R6
 50
120.00000000000004
 41
1.0000000000000002
 11
894.8395886095786
 21
72.3796189432334
 31
0.0
100
AcDbAttribute
  2
MODEL
 70
1
 71
1
 72
0
 11
894.8395886095786
 21
72.3796189432334
 31
0.0
  0
ATTRIB
  5
211
330
20B
100
AcDbEntity
  8
0
100
AcDbText
 10
895.9481011264227
 20
73.0196189432334
 30
0.0
 40
0.9599999999999999
  1
EXISTING
 50
120.00000000000004
 41
1.0000000000000002
 11
895.9481011264227
 21
73.0196189432334
 31
0.0
100
AcDbAttribute
  2
STATUS
 70
1
 71
1
 72
0
 11
895.9481011264227
 21
73.0196189432334
 31
0.0
  0
ATTRIB
  5
212
330
20B
100
AcDbEntity
  8
0
100
AcDbText
 10
897.0566136432668
 20
73.6596189432334
 30
0.0
 40
0.9599999999999999
  1
240
 50
120.00000000000004
 41
1.0000000000000002
 11
897.0566136432668
 21
73.6596189432334
 31
0.0
100
AcDbAttribute
  2
AZIMUTH
 70
1
 71
1
 72
0
 11
897.0566136432668
 21
73.6596189432334
 31
0.0
  0
ATTRIB
  5
213
330
20B
100
AcDbEntity
  8
0
100
AcDbText
 10
898.1651261601108
 20
74.2996189432334
 30
0.0
 40
0.9599999999999999
  1
145
 50
120.00000000000004
 41
1.0000000000000002
 11
898.1651261601108
 21
74.2996189432334
 31
0.0
100
AcDbAttribute
  2
RAD_CENTER_FT
 70
1
 71
1
 72
0
 11
898.1651261601108
 21
74.2996189432334
 31
0.0
  0
ATTRIB
  5
214
330
20B
100
AcDbEntity
  8
0
100
AcDbText
 10
899.273638676955
 20
74.9396189432334
 30
0.0
 40
0.9599999999999999
  1
1
 50
120.00000000000004
 41
1.0000000000000002
 11
899.273638676955
 21
74.9396189432334
 31
0.0
100
AcDbAttribute
  2
MECH_TILT
 70
1
 71
1
 72
0
 11
899.273638676955
 21
74.9396189432334
 31
0.0
  0
SEQEND
  5
20C
330
17
100
AcDbEntity
  8
A-ANT-EXIST
  0
TEXT
  5
215
330
17
100
AcDbEntity
  8
A-TEXT
100
AcDbText
 10
885.1463596054224
 20
74.28878406783224
 30
0.0
 40
1.25
  1
C1 (E) NNH4-65B-R6
  7
OpenSans
 11
885.1463596054224
 21
74.28878406783224
 31
0.0
100
AcDbText
 73
2
  0
INSERT
  5
216
330
17
100
AcDbEntity
  8
A-RRU-EXIST
100
AcDbBlockReference
 66
1
  2
RRU
 10
895.0647552145625
 20
72.50961894323339
 30
0.0
 41
0.6
 42
0.6
 50
-240.0
  0
ATTRIB
  5
218
330
216
100
AcDbEntity
  8
0
100
AcDbText
 10
896.6236009413745
 20
73.4096189432334
 30
0.0
 40
0.72
  1
Gamma
 50
120.00000000000004
 11
896.6236009413745
 21
73.4096189432334
 31
0.0
100
AcDbAttribute
  2
SECTOR
 70
1
 71
1
 72
0
 11
896.6236009413745
 21
73.4096189432334
 31
0.0
  0
ATTRIB
  5
219
330
216
100
AcDbEntity
  8
0
100
AcDbText
 10
897.4549853290076
 20
73.88961894323339
 30
0.0
 40
0.72
  1
1
 50
120.00000000000004
 11
897.4549853290076
 21
73.88961894323339
 31
0.0
100
AcDbAttribute
  2
POSITION
 70
1
 71
1
 72
0
 11
897.4549853290076
 21
73.88961894323339
 31
0.0
  0
ATTRIB
  5
21A
330
216
100
AcDbEntity
  8
0
100
AcDbText
 10
898.2863697166406
 20
74.36961894323339
 30
0.0
 40
0.72
  1
Radio 4449 B5 B12
 50
120.00000000000004
 11
898.2863697166406
 21
74.36961894323339
 31
0.0
100
AcDbAttribute
  2
MODEL
 70
1
 71
1
 72
0
 11
898.2863697166406
 21
74.36961894323339
 31
0.0
  0
ATTRIB
  5
21B
330
216
100
AcDbEntity
  8
0
100
AcDbText
 10
899.1177541042737
 20
74.8496189432334
 30
0.0
 40
0.72
  1
EXISTING
 50
120.00000000000004
 11
899.1177541042737
 21
74.8496189432334
 31
0.0
100
AcDbAttribute
  2
STATUS
 70
1
 71
1
 72
0
 11
899.1177541042737
 21
74.8496189432334
 31
0.0
  0
ATTRIB
  5
21C
330
216
100
AcDbEntity
  8
0
100
AcDbText
 10
899.9491384919068
 20
75.3296189432334
 30
0.0
 40
0.72
  1
B5/B12
 50
120.00000000000004
 11
899.9491384919068
 21
75.3296189432334
 31
0.0
100
AcDbAttribute
  2
BANDS
 70
1
 71
1
 72
0
 11
899.9491384919068
 21
75.3296189432334
 31
0.0
  0
SEQEND
  5
217
330
17
100
AcDbEntity
  8
A-RRU-EXIST
  0
INSERT
  5
21D
330
17
100
AcDbEntity
  8
A-RRU-EXIST
100
AcDbBlockReference
 66
1
  2
RRU
 10
896.9700111028883
 20
73.6096189432334
 30
0.0
 41
0.6
 42
0.6
 50
-240.0
  0
ATTRIB
  5
21F
330
21D
100
AcDbEntity
  8
0
100
AcDbText
 10
898.5288568297003
 20
74.5096189432334
 30
0.0
 40
0.72
  1
Gamma
 50
120.00000000000004
 11
898.5288568297003
 21
74.5096189432334
 31
0.0
100
AcDbAttribute
  2
SECTOR
 70
1
 71
1
 72
0
 11
898.5288568297003
 21
74.5096189432334
 31
0.0
  0
ATTRIB
  5
220
330
21D
100
AcDbEntity
  8
0
100
AcDbText
 10
899.3602412173334
 20
74.9896189432334
 30
0.0
 40
0.72
  1
1
 50
120.00000000000004
 11
899.3602412173334
 21
74.9896189432334
 31
0.0
100
AcDbAttribute
  2
POSITION
 70
1
 71
1
 72
0
 11
899.3602412173334
 21
74.9896189432334
 31
0.0
  0
ATTRIB
  5
221
330
21D
100
AcDbEntity
  8
0
100
AcDbText
 10
900.1916256049664
 20
75.4696189432334
 30
0.0
 40
0.72
  1
Radio 4460 B2 B66
 50
120.00000000000004
 11
900.1916256049664
 21
75.4696189432334
 31
0.0
100
AcDbAttribute
  2
MODEL
 70
1
 71
1
 72
0
 11
900.1916256049664
 21
75.4696189432334
 31
0.0
  0
ATTRIB
  5
222
330
21D
100
AcDbEntity
  8
0
100
AcDbText
 10
901.0230099925994
 20
75.9496189432334
 30
0.0
 40
0.72
  1
EXISTING
 50
120.00000000000004
 11
901.0230099925994
 21
75.9496189432334
 31
0.0
100
AcDbAttribute
  2
STATUS
 70
1
 71
1
 72
0
 11
901.0230099925994
 21
75.9496189432334
 31
0.0
  0
ATTRIB
  5
223
330
21D
100
AcDbEntity
  8
0
100
AcDbText
 10
901.8543943802325
 20
76.42961894323341
 30
0.0
 40
0.72
  1
B2/B66
 50
120.00000000000004
 11
901.8543943802325
 21
76.42961894323341
 31
0.0
100
AcDbAttribute
  2
BANDS
 70
1
 71
1
 72
0
 11
901.8543943802325
 21
76.42961894323341
 31
0.0
  0
SEQEND
  5
21E
330
17
100
AcDbEntity
  8
A-RRU-EXIST
  0
INSERT
  5
224
330
17
100
AcDbEntity
  8
A-MOUNT
100
AcDbBlockReference
 66
1
  2
PIPE
 10
884.9666790032093
 20
83.99999999999997
 30
0.0
  0
ATTRIB
  5
226
330
224
100
AcDbEntity
  8
0
100
AcDbText
 10
884.9666790032093
 20
80.99999999999997
 30
0.0
 40
1.2
  1
Gamma
 11
884.9666790032093
 21
80.99999999999997
 31
0.0
100
AcDbAttribute
  2
SECTOR
 70
1
 71
1
 72
0
 11
884.9666790032093
 21
80.99999999999997
 31
0.0
  0
ATTRIB
  5
227
330
224
100
AcDbEntity
  8
0
100
AcDbText
 10
884.9666790032093
 20
79.39999999999998
 30
0.0
 40
1.2
  1
2
 11
884.9666790032093
 21
79.39999999999998
 31
0.0
100
AcDbAttribute
  2
POSITION
 70
1
 71
1
 72
0
 11
884.9666790032093
 21
79.39999999999998
 31
0.0
  0
ATTRIB
  5
228
330
224
100
AcDbEntity
  8
0
100
AcDbText
 10
884.9666790032093
 20
77.79999999999997
 30
0.0
 40
1.2
  1
EXISTING
 11
884.9666790032093
 21
77.79999999999997
 31
0.0
100
AcDbAttribute
  2
STATUS
 70
1
 71
1
 72
0
 11
884.9666790032093
 21
77.79999999999997
 31
0.0
  0
SEQEND
  5
225
330
17
100
AcDbEntity
  8
A-MOUNT
  0
INSERT
  5
229
330
17
100
AcDbEntity
  8
A-ANT-EXIST
100
AcDbBlockReference
 66
1
  2
ANT_PANEL
 10
881.9355900899637
 20
82.24999999999997
 30
0.0
 41
0.8
 42
0.8
 50
-240.0
  0
ATTRIB
  5
22B
330
229
100
AcDbEntity
  8
0
100
AcDbText
 10
884.0140510590464
 20
83.44999999999997
 30
0.0
 40
0.9599999999999999
  1
Gamma
 50
120.00000000000004
 41
1.0000000000000002
 11
884.0140510590464
 21
83.44999999999997
 31
0.0
100
AcDbAttribute
  2
SECTOR
 70
1
 71
1
 72
0
 11
884.0140510590464
 21
83.44999999999997
 31
0.0
  0
ATTRIB
  5
22C
330
229
100
AcDbEntity
  8
0
100
AcDbText
 10
885.1225635758905
 20
84.08999999999997
 30
0.0
 40
0.9599999999999999
  1
2
 50
120.00000000000004
 41
1.0000000000000002
 11
885.1225635758905
 21
84.08999999999997
 31
0.0
100
AcDbAttribute
  2
POSITION
 70
1
 71
1
 72
0
 11
885.1225635758905
 21
84.08999999999997
 31
0.0
  0
ATTRIB
  5
22D
330
229
100
AcDbEntity
  8
0
100
AcDbText
 10
886.2310760927345
 20
84.72999999999998
 30
0.0
 40
0.9599999999999999
  1
RFS
 50
120.00000000000004
 41
1.0000000000000002
 11
886.2310760927345
 21
84.72999999999998
 31
0.0
100
AcDbAttribute
  2
MFR
 70
1
 71
1
 72
0
 11
886.2310760927345
 21
84.72999999999998
 31
0.0
  0
ATTRIB
  5
22E
330
229
100
AcDbEntity
  8
0
100
AcDbText
 10
887.3395886095786
 20
85.36999999999998
 30
0.0
 40
0.9599999999999999
  1
APXVSPP18-C-A20
 50
120.00000000000004
 41
1.0000000000000002
 11
887.3395886095786
 21
85.36999999999998
 31
0.0
100
AcDbAttribute
  2
MODEL
 70
1
 71
1
 72
0
 11
887.3395886095786
 21
85.36999999999998
 31
0.0
  0
ATTRIB
  5
22F
330
229
100
AcDbEntity
  8
0
100
AcDbText
 10
888.4481011264227
 20
86.00999999999998
 30
0.0
 40
0.9599999999999999
  1
EXISTING
 50
120.00000000000004
 41
1.0000000000000002
 11
888.4481011264227
 21
86.00999999999998
 31
0.0
100
AcDbAttribute
  2
STATUS
 70
1
 71
1
 72
0
 11
888.4481011264227
 21
86.00999999999998
 31
0.0
  0
ATTRIB
  5
230
330
229
100
AcDbEntity
  8
0
100
AcDbText
 10
889.5566136432668
 20
86.64999999999998
 30
0.0
 40
0.9599999999999999
  1
240
 50
120.00000000000004
 41
1.0000000000000002
 11
889.5566136432668
 21
86.64999999999998
 31
0.0
100
AcDbAttribute
  2
AZIMUTH
 70
1
 71
1
 72
0
 11
889.5566136432668
 21
86.64999999999998
 31
0.0
  0
ATTRIB
  5
231
330
229
100
AcDbEntity
  8
0
100
AcDbText
 10
890.6651261601108
 20
87.28999999999998
 30
0.0
 40
0.9599999999999999
  1
145
 50
120.00000000000004
 41
1.0000000000000002
 11
890.6651261601108
 21
87.28999999999998
 31
0.0
100
AcDbAttribute
  2
RAD_CENTER_FT
 70
1
 71
1
 72
0
 11
890.6651261601108
 21
87.28999999999998
 31
0.0
  0
ATTRIB
  5
232
330
229
100
AcDbEntity
  8
0
100
AcDbText
 10
891.773638676955
 20
87.92999999999998
 30
0.0
 40
0.9599999999999999
  1
1
 50
120.00000000000004
 41
1.0000000000000002
 11
891.773638676955
 21
87.92999999999998
 31
0.0
100
AcDbAttribute
  2
MECH_TILT
 70
1
 71
1
 72
0
 11
891.773638676955
 21
87.92999999999998
 31
0.0
  0
SEQEND
  5
22A
330
17
100
AcDbEntity
  8
A-ANT-EXIST
  0
TEXT
  5
233
330
17
100
AcDbEntity
  8
A-TEXT
100
AcDbText
 10
877.6463596054224
 20
87.27916512459882
 30
0.0
 40
1.25
  1
C2 (E) APXVSPP18-C-A20
  7
OpenSans
 11
877.6463596054224
 21
87.27916512459882
 31
0.0
100
AcDbText
 73
2
  0
INSERT
  5
234
330
17
100
AcDbEntity
  8
A-RRU-EXIST
100
AcDbBlockReference
 66
1
  2
RRU
 10
887.5647552145625
 20
85.49999999999997
 30
0.0
 41
0.6
 42
0.6
 50
-240.0
  0
ATTRIB
  5
236
330
234
100
AcDbEntity
  8
0
100
AcDbText
 10
889.1236009413745
 20
86.39999999999998
 30
0.0
 40
0.72
  1
Gamma
 50
120.00000000000004
 11
889.1236009413745
 21
86.39999999999998
 31
0.0
100
AcDbAttribute
  2
SECTOR
 70
1
 71
1
 72
0
 11
889.1236009413745
 21
86.39999999999998
 31
0.0
  0
ATTRIB
  5
237
330
234
100
AcDbEntity
  8
0
100
AcDbText
 10
889.9549853290076
 20
86.87999999999997
 30
0.0
 40
0.72
  1
2
 50
120.00000000000004
 11
889.9549853290076
 21
86.87999999999997
 31
0.0
100
AcDbAttribute
  2
POSITION
 70
1
 71
1
 72
0
 11
889.9549853290076
 21
86.87999999999997
 31
0.0
  0
ATTRIB
  5
238
330
234
100
AcDbEntity
  8
0
100
AcDbText
 10
890.7863697166406
 20
87.35999999999997
 30
0.0
 40
0.72
  1
Radio 2217 B66A
 50
120.00000000000004
 11
890.7863697166406
 21
87.35999999999997
 31
0.0
100
AcDbAttribute
  2
MODEL
 70
1
 71
1
 72
0
 11
890.7863697166406
 21
87.35999999999997
 31
0.0
  0
ATTRIB
  5
239
330
234
100
AcDbEntity
  8
0
100
AcDbText
 10
891.6177541042737
 20
87.83999999999997
 30
0.0
 40
0.72
  1
EXISTING
 50
120.00000000000004
 11
891.6177541042737
 21
87.83999999999997
 31
0.0
100
AcDbAttribute
  2
STATUS
 70
1
 71
1
 72
0
 11
891.6177541042737
 21
87.83999999999997
 31
0.0
  0
ATTRIB
  5
23A
330
234
100
AcDbEntity
  8
0
100
AcDbText
 10
892.4491384919068
 20
88.31999999999998
 30
0.0
 40
0.72
  1
B66
 50
120.00000000000004
 11
892.4491384919068
 21
88.31999999999998
 31
0.0
100
AcDbAttribute
  2
BANDS
 70
1
 71
1
 72
0
 11
892.4491384919068
 21
88.31999999999998
 31
0.0
  0
SEQEND
  5
235
330
17
100
AcDbEntity
  8
A-RRU-EXIST
  0
INSERT
  5
23B
330
17
100
AcDbEntity
  8
A-MOUNT
100
AcDbBlockReference
 66
1
  2
PIPE
 10
877.4666790032093
 20
96.99038105676655
 30
0.0
  0
ATTRIB
  5
23D
330
23B
100
AcDbEntity
  8
0
100
AcDbText
 10
877.4666790032093
 20
93.99038105676655
 30
0.0
 40
1.2
  1
Gamma
 11
877.4666790032093
 21
93.99038105676655
 31
0.0
100
AcDbAttribute
  2
SECTOR
 70
1
 71
1
 72
0
 11
877.4666790032093
 21
93.99038105676655
 31
0.0
  0
ATTRIB
  5
23E
330
23B
100
AcDbEntity
  8
0
100
AcDbText
 10
877.4666790032093
 20
92.39038105676656
 30
0.0
 40
1.2
  1
3
 11
877.4666790032093
 21
92.39038105676656
 31
0.0
100
AcDbAttribute
  2
POSITION
 70
1
 71
1
 72
0
 11
877.4666790032093
 21
92.39038105676656
 31
0.0
  0
ATTRIB
  5
23F
330
23B
100
AcDbEntity
  8
0
100
AcDbText
 10
877.4666790032093
 20
90.79038105676655
 30
0.0
 40
1.2
  1
EXISTING SPARE
 11
877.4666790032093
 21
90.79038105676655
 31
0.0
100
AcDbAttribute
  2
STATUS
 70
1
 71
1
 72
0
 11
877.4666790032093
 21
90.79038105676655
 31
0.0
  0
SEQEND
  5
23C
330
17
100
AcDbEntity
  8
A-MOUNT
  0
INSERT
  5
240
330
17
100
AcDbEntity
  8
A-ANT-NEW
100
AcDbBlockReference
 66
1
  2
AAU
 10
874.4355900899637
 20
95.24038105676655
 30
0.0
 41
0.8
 42
0.8
 50
-240.0
  0
ATTRIB
  5
242
330
240
100
AcDbEntity
  8
0
100
AcDbText
 10
876.5140510590464
 20
96.44038105676655
 30
0.0
 40
0.9599999999999999
  1
Gamma
 50
120.00000000000004
 41
1.0000000000000002
 11
876.5140510590464
 21
96.44038105676655
 31
0.0
100
AcDbAttribute
  2
SECTOR
 70
1
 71
1
 72
0
 11
876.5140510590464
 21
96.44038105676655
 31
0.0
  0
ATTRIB
  5
243
330
240
100
AcDbEntity
  8
0
100
AcDbText
 10
877.6225635758905
 20
97.08038105676656
 30
0.0
 40
0.9599999999999999
  1
3
 50
120.00000000000004
 41
1.0000000000000002
 11
877.6225635758905
 21
97.08038105676656
 31
0.0
100
AcDbAttribute
  2
POSITION
 70
1
 71
1
 72
0
 11
877.6225635758905
 21
97.08038105676656
 31
0.0
  0
ATTRIB
  5
244
330
240
100
AcDbEntity
  8
0
100
AcDbText
 10
878.7310760927345
 20
97.72038105676656
 30
0.0
 40
0.9599999999999999
  1
Ericsson
 50
120.00000000000004
 41
1.0000000000000002
 11
878.7310760927345
 21
97.72038105676656
 31
0.0
100
AcDbAttribute
  2
MFR
 70
1
 71
1
 72
0
 11
878.7310760927345
 21
97.72038105676656
 31
0.0
  0
ATTRIB
  5
245
330
240
100
AcDbEntity
  8
0
100
AcDbText
 10
879.8395886095786
 20
98.36038105676656
 30
0.0
 40
0.9599999999999999
  1
AIR 6449 B77D
 50
120.00000000000004
 41
1.0000000000000002
 11
879.8395886095786
 21
98.36038105676656
 31
0.0
100
AcDbAttribute
  2
MODEL
 70
1
 71
1
 72
0
 11
879.8395886095786
 21
98.36038105676656
 31
0.0
  0
ATTRIB
  5
246
330
240
100
AcDbEntity
  8
0
100
AcDbText
 10
880.9481011264227
 20
99.00038105676656
 30
0.0
 40
0.9599999999999999
  1
NEW
 50
120.00000000000004
 41
1.0000000000000002
 11
880.9481011264227
 21
99.00038105676656
 31
0.0
100
AcDbAttribute
  2
STATUS
 70
1
 71
1
 72
0
 11
880.9481011264227
 21
99.00038105676656
 31
0.0
  0
ATTRIB
  5
247
330
240
100
AcDbEntity
  8
0
100
AcDbText
 10
882.0566136432668
 20
99.64038105676656
 30
0.0
 40
0.9599999999999999
  1
240
 50
120.00000000000004
 41
1.0000000000000002
 11
882.0566136432668
 21
99.64038105676656
 31
0.0
100
AcDbAttribute
  2
AZIMUTH
 70
1
 71
1
 72
0
 11
882.0566136432668
 21
99.64038105676656
 31
0.0
  0
ATTRIB
  5
248
330
240
100
AcDbEntity
  8
0
100
AcDbText
 10
883.1651261601108
 20
100.28038105676656
 30
0.0
 40
0.9599999999999999
  1
138
 50
120.00000000000004
 41
1.0000000000000002
 11
883.1651261601108
 21
100.28038105676656
 31
0.0
100
AcDbAttribute
  2
RAD_CENTER_FT
 70
1
 71
1
 72
0
 11
883.1651261601108
 21
100.28038105676656
 31
0.0
  0
ATTRIB
  5
249
330
240
100
AcDbEntity
  8
0
100
AcDbText
 10
884.273638676955
 20
100.92038105676656
 30
0.0
 40
0.9599999999999999
  1
0
 50
120.00000000000004
 41
1.0000000000000002
 11
884.273638676955
 21
100.92038105676656
 31
0.0
100
AcDbAttribute
  2
MECH_TILT
 70
1
 71
1
 72
0
 11
884.273638676955
 21
100.92038105676656
 31
0.0
  0
SEQEND
  5
241
330
17
100
AcDbEntity
  8
A-ANT-NEW
  0
TEXT
  5
24A
330
17
100
AcDbEntity
  8
A-TEXT
100
AcDbText
 10
870.1463596054224
 20
100.2695461813654
 30
0.0
 40
1.25
  1
C3 (P) AIR 6449 B77D
  7
OpenSans
 11
870.1463596054224
 21
100.2695461813654
 31
0.0
100
AcDbText
 73
2
  0
TEXT
  5
24B
330
17
100
AcDbEntity
  8
A-TEXT
100
AcDbText
 10
812.0
 20
12.0
 30
0.0
 40
1.8
  1
(E) EXISTING   (P) PROPOSED   (R) REMOVE.  EQUIPMENT DATA HELD IN BLOCK ATTRIBUTES.
  7
OpenSans
 11
812.0
 21
12.0
 31
0.0
100
AcDbText
  0
LWPOLYLINE
  5
24C
330
17
100
AcDbEntity
  8
A-BORDER
100
AcDbPolyline
 90
4
 70
1
 10
1200.0
 20
0.0
 10
1540.0
 20
0.0
 10
1540.0
 20
220.0
 10
1200.0
 20
220.0
  0
LWPOLYLINE
  5
24D
330
17
100
AcDbEntity
  8
A-BORDER
100
AcDbPolyline
 90
4
 70
1
 10
1204.0
 20
4.0
 10
1536.0
 20
4.0
 10
1536.0
 20
216.0
 10
1204.0
 20
216.0
  0
LWPOLYLINE
  5
24E
330
17
100
AcDbEntity
  8
A-TITLE
100
AcDbPolyline
 90
4
 70
1
 10
1482.0
 20
4.0
 10
1536.0
 20
4.0
 10
1536.0
 20
216.0
 10
1482.0
 20
216.0
  0
TEXT
  5
24F
330
17
100
AcDbEntity
  8
A-TITLE
100
AcDbText
 10
1485.0
 20
208.0
 30
0.0
 40
1.7
  1
MERIDIAN A&E GROUP
  7
OpenSans
 11
1485.0
 21
208.0
 31
0.0
100
AcDbText
  0
TEXT
  5
250
330
17
100
AcDbEntity
  8
A-TITLE
100
AcDbText
 10
1485.0
 20
202.8
 30
0.0
 40
1.7
  1
(SYNTHETIC SAMPLE)
  7
OpenSans
 11
1485.0
 21
202.8
 31
0.0
100
AcDbText
  0
TEXT
  5
251
330
17
100
AcDbEntity
  8
A-TITLE
100
AcDbText
 10
1485.0
 20
197.6
 30
0.0
 40
1.7
  1

  7
OpenSans
 11
1485.0
 21
197.6
 31
0.0
100
AcDbText
  0
TEXT
  5
252
330
17
100
AcDbEntity
  8
A-TITLE
100
AcDbText
 10
1485.0
 20
192.4
 30
0.0
 40
1.7
  1
CLIENT: ERICSSON
  7
OpenSans
 11
1485.0
 21
192.4
 31
0.0
100
AcDbText
  0
TEXT
  5
253
330
17
100
AcDbEntity
  8
A-TITLE
100
AcDbText
 10
1485.0
 20
187.2
 30
0.0
 40
1.7
  1
CARRIER: CARRIER-A
  7
OpenSans
 11
1485.0
 21
187.2
 31
0.0
100
AcDbText
  0
TEXT
  5
254
330
17
100
AcDbEntity
  8
A-TITLE
100
AcDbText
 10
1485.0
 20
182.0
 30
0.0
 40
1.7
  1

  7
OpenSans
 11
1485.0
 21
182.0
 31
0.0
100
AcDbText
  0
TEXT
  5
255
330
17
100
AcDbEntity
  8
A-TITLE
100
AcDbText
 10
1485.0
 20
176.8
 30
0.0
 40
1.7
  1
SITE ID: TXDA1024
  7
OpenSans
 11
1485.0
 21
176.8
 31
0.0
100
AcDbText
  0
TEXT
  5
256
330
17
100
AcDbEntity
  8
A-TITLE
100
AcDbText
 10
1485.0
 20
171.6
 30
0.0
 40
1.7
  1
SITE: LAKEWOOD HEIGHTS
  7
OpenSans
 11
1485.0
 21
171.6
 31
0.0
100
AcDbText
  0
TEXT
  5
257
330
17
100
AcDbEntity
  8
A-TITLE
100
AcDbText
 10
1485.0
 20
166.4
 30
0.0
 40
1.7
  1
6120 ABRAMS RD (SYNTHETIC)
  7
OpenSans
 11
1485.0
 21
166.4
 31
0.0
100
AcDbText
  0
TEXT
  5
258
330
17
100
AcDbEntity
  8
A-TITLE
100
AcDbText
 10
1485.0
 20
161.2
 30
0.0
 40
1.7
  1
DALLAS, TX 75214
  7
OpenSans
 11
1485.0
 21
161.2
 31
0.0
100
AcDbText
  0
TEXT
  5
259
330
17
100
AcDbEntity
  8
A-TITLE
100
AcDbText
 10
1485.0
 20
156.0
 30
0.0
 40
1.7
  1

  7
OpenSans
 11
1485.0
 21
156.0
 31
0.0
100
AcDbText
  0
TEXT
  5
25A
330
17
100
AcDbEntity
  8
A-TITLE
100
AcDbText
 10
1485.0
 20
150.8
 30
0.0
 40
1.7
  1
STRUCTURE: MONOPOLE
  7
OpenSans
 11
1485.0
 21
150.8
 31
0.0
100
AcDbText
  0
TEXT
  5
25B
330
17
100
AcDbEntity
  8
A-TITLE
100
AcDbText
 10
1485.0
 20
145.6
 30
0.0
 40
1.7
  1
HEIGHT: 150 FT
  7
OpenSans
 11
1485.0
 21
145.6
 31
0.0
100
AcDbText
  0
TEXT
  5
25C
330
17
100
AcDbEntity
  8
A-TITLE
100
AcDbText
 10
1485.0
 20
140.39999999999998
 30
0.0
 40
1.7
  1

  7
OpenSans
 11
1485.0
 21
140.39999999999998
 31
0.0
100
AcDbText
  0
TEXT
  5
25D
330
17
100
AcDbEntity
  8
A-TITLE
100
AcDbText
 10
1485.0
 20
135.2
 30
0.0
 40
1.7
  1
REV 2  2026-10-08
  7
OpenSans
 11
1485.0
 21
135.2
 31
0.0
100
AcDbText
  0
TEXT
  5
25E
330
17
100
AcDbEntity
  8
A-TITLE
100
AcDbText
 10
1485.0
 20
130.0
 30
0.0
 40
1.7
  1
ISSUED FOR CONSTRUCTION
  7
OpenSans
 11
1485.0
 21
130.0
 31
0.0
100
AcDbText
  0
TEXT
  5
25F
330
17
100
AcDbEntity
  8
A-TITLE
100
AcDbText
 10
1485.0
 20
124.8
 30
0.0
 40
1.7
  1

  7
OpenSans
 11
1485.0
 21
124.8
 31
0.0
100
AcDbText
  0
TEXT
  5
260
330
17
100
AcDbEntity
  8
A-TITLE
100
AcDbText
 10
1485.0
 20
119.6
 30
0.0
 40
1.7
  1
NOT FOR CONSTRUCTION -
  7
OpenSans
 11
1485.0
 21
119.6
 31
0.0
100
AcDbText
  0
TEXT
  5
261
330
17
100
AcDbEntity
  8
A-TITLE
100
AcDbText
 10
1485.0
 20
114.39999999999999
 30
0.0
 40
1.7
  1
SYNTHETIC POC DATA
  7
OpenSans
 11
1485.0
 21
114.39999999999999
 31
0.0
100
AcDbText
  0
TEXT
  5
262
330
17
100
AcDbEntity
  8
A-TITLE
100
AcDbText
 10
1485.0
 20
30.0
 30
0.0
 40
1.6
  1
SHEET TITLE:
  7
OpenSans
 11
1485.0
 21
30.0
 31
0.0
100
AcDbText
  0
TEXT
  5
263
330
17
100
AcDbEntity
  8
A-TITLE
100
AcDbText
 10
1485.0
 20
24.0
 30
0.0
 40
1.8
  1
ANTENNA & CABLE SCHEDULE
  7
OpenSans
 11
1485.0
 21
24.0
 31
0.0
100
AcDbText
  0
TEXT
  5
264
330
17
100
AcDbEntity
  8
A-TITLE
100
AcDbText
 10
1485.0
 20
12.0
 30
0.0
 40
3.2
  1
SHEET A-4
  7
OpenSans
 11
1485.0
 21
12.0
 31
0.0
100
AcDbText
  0
TEXT
  5
265
330
17
100
AcDbEntity
  8
A-TEXT
100
AcDbText
 10
1210.0
 20
208.0
 30
0.0
 40
2.6
  1
ANTENNA & EQUIPMENT SCHEDULE
  7
OpenSans
 11
1210.0
 21
208.0
 31
0.0
100
AcDbText
  0
LINE
  5
266
330
17
100
AcDbEntity
  8
A-TABLE
100
AcDbLine
 10
1210.0
 20
205.0
 30
0.0
 11
1396.0
 21
205.0
 31
0.0
  0
TEXT
  5
267
330
17
100
AcDbEntity
  8
A-TABLE
100
AcDbText
 10
1210.8
 20
202.0
 30
0.0
 40
1.5
  1
SECTOR
  7
OpenSans
 11
1210.8
 21
202.0
 31
0.0
100
AcDbText
  0
TEXT
  5
268
330
17
100
AcDbEntity
  8
A-TABLE
100
AcDbText
 10
1228.8
 20
202.0
 30
0.0
 40
1.5
  1
AZ
  7
OpenSans
 11
1228.8
 21
202.0
 31
0.0
100
AcDbText
  0
TEXT
  5
269
330
17
100
AcDbEntity
  8
A-TABLE
100
AcDbText
 10
1238.8
 20
202.0
 30
0.0
 40
1.5
  1
POS
  7
OpenSans
 11
1238.8
 21
202.0
 31
0.0
100
AcDbText
  0
TEXT
  5
26A
330
17
100
AcDbEntity
  8
A-TABLE
100
AcDbText
 10
1247.8
 20
202.0
 30
0.0
 40
1.5
  1
STATUS
  7
OpenSans
 11
1247.8
 21
202.0
 31
0.0
100
AcDbText
  0
TEXT
  5
26B
330
17
100
AcDbEntity
  8
A-TABLE
100
AcDbText
 10
1265.8
 20
202.0
 30
0.0
 40
1.5
  1
TYPE
  7
OpenSans
 11
1265.8
 21
202.0
 31
0.0
100
AcDbText
  0
TEXT
  5
26C
330
17
100
AcDbEntity
  8
A-TABLE
100
AcDbText
 10
1281.8
 20
202.0
 30
0.0
 40
1.5
  1
MANUFACTURER
  7
OpenSans
 11
1281.8
 21
202.0
 31
0.0
100
AcDbText
  0
TEXT
  5
26D
330
17
100
AcDbEntity
  8
A-TABLE
100
AcDbText
 10
1307.8
 20
202.0
 30
0.0
 40
1.5
  1
MODEL
  7
OpenSans
 11
1307.8
 21
202.0
 31
0.0
100
AcDbText
  0
TEXT
  5
26E
330
17
100
AcDbEntity
  8
A-TABLE
100
AcDbText
 10
1347.8
 20
202.0
 30
0.0
 40
1.5
  1
RC (FT)
  7
OpenSans
 11
1347.8
 21
202.0
 31
0.0
100
AcDbText
  0
TEXT
  5
26F
330
17
100
AcDbEntity
  8
A-TABLE
100
AcDbText
 10
1361.8
 20
202.0
 30
0.0
 40
1.5
  1
M-TILT
  7
OpenSans
 11
1361.8
 21
202.0
 31
0.0
100
AcDbText
  0
TEXT
  5
270
330
17
100
AcDbEntity
  8
A-TABLE
100
AcDbText
 10
1374.8
 20
202.0
 30
0.0
 40
1.5
  1
BANDS
  7
OpenSans
 11
1374.8
 21
202.0
 31
0.0
100
AcDbText
  0
LINE
  5
271
330
17
100
AcDbEntity
  8
A-TABLE
100
AcDbLine
 10
1210.0
 20
200.8
 30
0.0
 11
1396.0
 21
200.8
 31
0.0
  0
TEXT
  5
272
330
17
100
AcDbEntity
  8
A-TABLE
100
AcDbText
 10
1210.8
 20
197.8
 30
0.0
 40
1.5
  1
ALPHA
  7
OpenSans
 11
1210.8
 21
197.8
 31
0.0
100
AcDbText
  0
TEXT
  5
273
330
17
100
AcDbEntity
  8
A-TABLE
100
AcDbText
 10
1228.8
 20
197.8
 30
0.0
 40
1.5
  1
0
  7
OpenSans
 11
1228.8
 21
197.8
 31
0.0
100
AcDbText
  0
TEXT
  5
274
330
17
100
AcDbEntity
  8
A-TABLE
100
AcDbText
 10
1238.8
 20
197.8
 30
0.0
 40
1.5
  1
1
  7
OpenSans
 11
1238.8
 21
197.8
 31
0.0
100
AcDbText
  0
TEXT
  5
275
330
17
100
AcDbEntity
  8
A-TABLE
100
AcDbText
 10
1247.8
 20
197.8
 30
0.0
 40
1.5
  1
EXISTING
  7
OpenSans
 11
1247.8
 21
197.8
 31
0.0
100
AcDbText
  0
TEXT
  5
276
330
17
100
AcDbEntity
  8
A-TABLE
100
AcDbText
 10
1265.8
 20
197.8
 30
0.0
 40
1.5
  1
ANTENNA
  7
OpenSans
 11
1265.8
 21
197.8
 31
0.0
100
AcDbText
  0
TEXT
  5
277
330
17
100
AcDbEntity
  8
A-TABLE
100
AcDbText
 10
1281.8
 20
197.8
 30
0.0
 40
1.5
  1
COMMSCOPE
  7
OpenSans
 11
1281.8
 21
197.8
 31
0.0
100
AcDbText
  0
TEXT
  5
278
330
17
100
AcDbEntity
  8
A-TABLE
100
AcDbText
 10
1307.8
 20
197.8
 30
0.0
 40
1.5
  1
NNH4-65B-R6
  7
OpenSans
 11
1307.8
 21
197.8
 31
0.0
100
AcDbText
  0
TEXT
  5
279
330
17
100
AcDbEntity
  8
A-TABLE
100
AcDbText
 10
1347.8
 20
197.8
 30
0.0
 40
1.5
  1
145
  7
OpenSans
 11
1347.8
 21
197.8
 31
0.0
100
AcDbText
  0
TEXT
  5
27A
330
17
100
AcDbEntity
  8
A-TABLE
100
AcDbText
 10
1361.8
 20
197.8
 30
0.0
 40
1.5
  1
0
  7
OpenSans
 11
1361.8
 21
197.8
 31
0.0
100
AcDbText
  0
TEXT
  5
27B
330
17
100
AcDbEntity
  8
A-TABLE
100
AcDbText
 10
1374.8
 20
197.8
 30
0.0
 40
1.5
  1
LB/MB
  7
OpenSans
 11
1374.8
 21
197.8
 31
0.0
100
AcDbText
  0
LINE
  5
27C
330
17
100
AcDbEntity
  8
A-TABLE
100
AcDbLine
 10
1210.0
 20
196.6
 30
0.0
 11
1396.0
 21
196.6
 31
0.0
  0
TEXT
  5
27D
330
17
100
AcDbEntity
  8
A-TABLE
100
AcDbText
 10
1210.8
 20
193.6
 30
0.0
 40
1.5
  1
ALPHA
  7
OpenSans
 11
1210.8
 21
193.6
 31
0.0
100
AcDbText
  0
TEXT
  5
27E
330
17
100
AcDbEntity
  8
A-TABLE
100
AcDbText
 10
1228.8
 20
193.6
 30
0.0
 40
1.5
  1
0
  7
OpenSans
 11
1228.8
 21
193.6
 31
0.0
100
AcDbText
  0
TEXT
  5
27F
330
17
100
AcDbEntity
  8
A-TABLE
100
AcDbText
 10
1238.8
 20
193.6
 30
0.0
 40
1.5
  1
1
  7
OpenSans
 11
1238.8
 21
193.6
 31
0.0
100
AcDbText
  0
TEXT
  5
280
330
17
100
AcDbEntity
  8
A-TABLE
100
AcDbText
 10
1247.8
 20
193.6
 30
0.0
 40
1.5
  1
EXISTING
  7
OpenSans
 11
1247.8
 21
193.6
 31
0.0
100
AcDbText
  0
TEXT
  5
281
330
17
100
AcDbEntity
  8
A-TABLE
100
AcDbText
 10
1265.8
 20
193.6
 30
0.0
 40
1.5
  1
RRU
  7
OpenSans
 11
1265.8
 21
193.6
 31
0.0
100
AcDbText
  0
TEXT
  5
282
330
17
100
AcDbEntity
  8
A-TABLE
100
AcDbText
 10
1281.8
 20
193.6
 30
0.0
 40
1.5
  1
ERICSSON
  7
OpenSans
 11
1281.8
 21
193.6
 31
0.0
100
AcDbText
  0
TEXT
  5
283
330
17
100
AcDbEntity
  8
A-TABLE
100
AcDbText
 10
1307.8
 20
193.6
 30
0.0
 40
1.5
  1
RADIO 4449 B5 B12
  7
OpenSans
 11
1307.8
 21
193.6
 31
0.0
100
AcDbText
  0
TEXT
  5
284
330
17
100
AcDbEntity
  8
A-TABLE
100
AcDbText
 10
1347.8
 20
193.6
 30
0.0
 40
1.5
  1
145
  7
OpenSans
 11
1347.8
 21
193.6
 31
0.0
100
AcDbText
  0
TEXT
  5
285
330
17
100
AcDbEntity
  8
A-TABLE
100
AcDbText
 10
1361.8
 20
193.6
 30
0.0
 40
1.5
  1
-
  7
OpenSans
 11
1361.8
 21
193.6
 31
0.0
100
AcDbText
  0
TEXT
  5
286
330
17
100
AcDbEntity
  8
A-TABLE
100
AcDbText
 10
1374.8
 20
193.6
 30
0.0
 40
1.5
  1
B5/B12
  7
OpenSans
 11
1374.8
 21
193.6
 31
0.0
100
AcDbText
  0
LINE
  5
287
330
17
100
AcDbEntity
  8
A-TABLE
100
AcDbLine
 10
1210.0
 20
192.4
 30
0.0
 11
1396.0
 21
192.4
 31
0.0
  0
TEXT
  5
288
330
17
100
AcDbEntity
  8
A-TABLE
100
AcDbText
 10
1210.8
 20
189.4
 30
0.0
 40
1.5
  1
ALPHA
  7
OpenSans
 11
1210.8
 21
189.4
 31
0.0
100
AcDbText
  0
TEXT
  5
289
330
17
100
AcDbEntity
  8
A-TABLE
100
AcDbText
 10
1228.8
 20
189.4
 30
0.0
 40
1.5
  1
0
  7
OpenSans
 11
1228.8
 21
189.4
 31
0.0
100
AcDbText
  0
TEXT
  5
28A
330
17
100
AcDbEntity
  8
A-TABLE
100
AcDbText
 10
1238.8
 20
189.4
 30
0.0
 40
1.5
  1
1
  7
OpenSans
 11
1238.8
 21
189.4
 31
0.0
100
AcDbText
  0
TEXT
  5
28B
330
17
100
AcDbEntity
  8
A-TABLE
100
AcDbText
 10
1247.8
 20
189.4
 30
0.0
 40
1.5
  1
EXISTING
  7
OpenSans
 11
1247.8
 21
189.4
 31
0.0
100
AcDbText
  0
TEXT
  5
28C
330
17
100
AcDbEntity
  8
A-TABLE
100
AcDbText
 10
1265.8
 20
189.4
 30
0.0
 40
1.5
  1
RRU
  7
OpenSans
 11
1265.8
 21
189.4
 31
0.0
100
AcDbText
  0
TEXT
  5
28D
330
17
100
AcDbEntity
  8
A-TABLE
100
AcDbText
 10
1281.8
 20
189.4
 30
0.0
 40
1.5
  1
ERICSSON
  7
OpenSans
 11
1281.8
 21
189.4
 31
0.0
100
AcDbText
  0
TEXT
  5
28E
330
17
100
AcDbEntity
  8
A-TABLE
100
AcDbText
 10
1307.8
 20
189.4
 30
0.0
 40
1.5
  1
RADIO 4460 B2 B66
  7
OpenSans
 11
1307.8
 21
189.4
 31
0.0
100
AcDbText
  0
TEXT
  5
28F
330
17
100
AcDbEntity
  8
A-TABLE
100
AcDbText
 10
1347.8
 20
189.4
 30
0.0
 40
1.5
  1
145
  7
OpenSans
 11
1347.8
 21
189.4
 31
0.0
100
AcDbText
  0
TEXT
  5
290
330
17
100
AcDbEntity
  8
A-TABLE
100
AcDbText
 10
1361.8
 20
189.4
 30
0.0
 40
1.5
  1
-
  7
OpenSans
 11
1361.8
 21
189.4
 31
0.0
100
AcDbText
  0
TEXT
  5
291
330
17
100
AcDbEntity
  8
A-TABLE
100
AcDbText
 10
1374.8
 20
189.4
 30
0.0
 40
1.5
  1
B2/B66
  7
OpenSans
 11
1374.8
 21
189.4
 31
0.0
100
AcDbText
  0
LINE
  5
292
330
17
100
AcDbEntity
  8
A-TABLE
100
AcDbLine
 10
1210.0
 20
188.2
 30
0.0
 11
1396.0
 21
188.2
 31
0.0
  0
TEXT
  5
293
330
17
100
AcDbEntity
  8
A-TABLE
100
AcDbText
 10
1210.8
 20
185.2
 30
0.0
 40
1.5
  1
ALPHA
  7
OpenSans
 11
1210.8
 21
185.2
 31
0.0
100
AcDbText
  0
TEXT
  5
294
330
17
100
AcDbEntity
  8
A-TABLE
100
AcDbText
 10
1228.8
 20
185.2
 30
0.0
 40
1.5
  1
0
  7
OpenSans
 11
1228.8
 21
185.2
 31
0.0
100
AcDbText
  0
TEXT
  5
295
330
17
100
AcDbEntity
  8
A-TABLE
100
AcDbText
 10
1238.8
 20
185.2
 30
0.0
 40
1.5
  1
2
  7
OpenSans
 11
1238.8
 21
185.2
 31
0.0
100
AcDbText
  0
TEXT
  5
296
330
17
100
AcDbEntity
  8
A-TABLE
100
AcDbText
 10
1247.8
 20
185.2
 30
0.0
 40
1.5
  1
EXISTING
  7
OpenSans
 11
1247.8
 21
185.2
 31
0.0
100
AcDbText
  0
TEXT
  5
297
330
17
100
AcDbEntity
  8
A-TABLE
100
AcDbText
 10
1265.8
 20
185.2
 30
0.0
 40
1.5
  1
ANTENNA
  7
OpenSans
 11
1265.8
 21
185.2
 31
0.0
100
AcDbText
  0
TEXT
  5
298
330
17
100
AcDbEntity
  8
A-TABLE
100
AcDbText
 10
1281.8
 20
185.2
 30
0.0
 40
1.5
  1
RFS
  7
OpenSans
 11
1281.8
 21
185.2
 31
0.0
100
AcDbText
  0
TEXT
  5
299
330
17
100
AcDbEntity
  8
A-TABLE
100
AcDbText
 10
1307.8
 20
185.2
 30
0.0
 40
1.5
  1
APXVSPP18-C-A20
  7
OpenSans
 11
1307.8
 21
185.2
 31
0.0
100
AcDbText
  0
TEXT
  5
29A
330
17
100
AcDbEntity
  8
A-TABLE
100
AcDbText
 10
1347.8
 20
185.2
 30
0.0
 40
1.5
  1
145
  7
OpenSans
 11
1347.8
 21
185.2
 31
0.0
100
AcDbText
  0
TEXT
  5
29B
330
17
100
AcDbEntity
  8
A-TABLE
100
AcDbText
 10
1361.8
 20
185.2
 30
0.0
 40
1.5
  1
0
  7
OpenSans
 11
1361.8
 21
185.2
 31
0.0
100
AcDbText
  0
TEXT
  5
29C
330
17
100
AcDbEntity
  8
A-TABLE
100
AcDbText
 10
1374.8
 20
185.2
 30
0.0
 40
1.5
  1
MB
  7
OpenSans
 11
1374.8
 21
185.2
 31
0.0
100
AcDbText
  0
LINE
  5
29D
330
17
100
AcDbEntity
  8
A-TABLE
100
AcDbLine
 10
1210.0
 20
184.0
 30
0.0
 11
1396.0
 21
184.0
 31
0.0
  0
TEXT
  5
29E
330
17
100
AcDbEntity
  8
A-TABLE
100
AcDbText
 10
1210.8
 20
181.0
 30
0.0
 40
1.5
  1
ALPHA
  7
OpenSans
 11
1210.8
 21
181.0
 31
0.0
100
AcDbText
  0
TEXT
  5
29F
330
17
100
AcDbEntity
  8
A-TABLE
100
AcDbText
 10
1228.8
 20
181.0
 30
0.0
 40
1.5
  1
0
  7
OpenSans
 11
1228.8
 21
181.0
 31
0.0
100
AcDbText
  0
TEXT
  5
2A0
330
17
100
AcDbEntity
  8
A-TABLE
100
AcDbText
 10
1238.8
 20
181.0
 30
0.0
 40
1.5
  1
2
  7
OpenSans
 11
1238.8
 21
181.0
 31
0.0
100
AcDbText
  0
TEXT
  5
2A1
330
17
100
AcDbEntity
  8
A-TABLE
100
AcDbText
 10
1247.8
 20
181.0
 30
0.0
 40
1.5
  1
EXISTING
  7
OpenSans
 11
1247.8
 21
181.0
 31
0.0
100
AcDbText
  0
TEXT
  5
2A2
330
17
100
AcDbEntity
  8
A-TABLE
100
AcDbText
 10
1265.8
 20
181.0
 30
0.0
 40
1.5
  1
RRU
  7
OpenSans
 11
1265.8
 21
181.0
 31
0.0
100
AcDbText
  0
TEXT
  5
2A3
330
17
100
AcDbEntity
  8
A-TABLE
100
AcDbText
 10
1281.8
 20
181.0
 30
0.0
 40
1.5
  1
ERICSSON
  7
OpenSans
 11
1281.8
 21
181.0
 31
0.0
100
AcDbText
  0
TEXT
  5
2A4
330
17
100
AcDbEntity
  8
A-TABLE
100
AcDbText
 10
1307.8
 20
181.0
 30
0.0
 40
1.5
  1
RADIO 2217 B66A
  7
OpenSans
 11
1307.8
 21
181.0
 31
0.0
100
AcDbText
  0
TEXT
  5
2A5
330
17
100
AcDbEntity
  8
A-TABLE
100
AcDbText
 10
1347.8
 20
181.0
 30
0.0
 40
1.5
  1
145
  7
OpenSans
 11
1347.8
 21
181.0
 31
0.0
100
AcDbText
  0
TEXT
  5
2A6
330
17
100
AcDbEntity
  8
A-TABLE
100
AcDbText
 10
1361.8
 20
181.0
 30
0.0
 40
1.5
  1
-
  7
OpenSans
 11
1361.8
 21
181.0
 31
0.0
100
AcDbText
  0
TEXT
  5
2A7
330
17
100
AcDbEntity
  8
A-TABLE
100
AcDbText
 10
1374.8
 20
181.0
 30
0.0
 40
1.5
  1
B66
  7
OpenSans
 11
1374.8
 21
181.0
 31
0.0
100
AcDbText
  0
LINE
  5
2A8
330
17
100
AcDbEntity
  8
A-TABLE
100
AcDbLine
 10
1210.0
 20
179.8
 30
0.0
 11
1396.0
 21
179.8
 31
0.0
  0
TEXT
  5
2A9
330
17
100
AcDbEntity
  8
A-TABLE
100
AcDbText
 10
1210.8
 20
176.8
 30
0.0
 40
1.5
  1
ALPHA
  7
OpenSans
 11
1210.8
 21
176.8
 31
0.0
100
AcDbText
  0
TEXT
  5
2AA
330
17
100
AcDbEntity
  8
A-TABLE
100
AcDbText
 10
1228.8
 20
176.8
 30
0.0
 40
1.5
  1
0
  7
OpenSans
 11
1228.8
 21
176.8
 31
0.0
100
AcDbText
  0
TEXT
  5
2AB
330
17
100
AcDbEntity
  8
A-TABLE
100
AcDbText
 10
1238.8
 20
176.8
 30
0.0
 40
1.5
  1
3
  7
OpenSans
 11
1238.8
 21
176.8
 31
0.0
100
AcDbText
  0
TEXT
  5
2AC
330
17
100
AcDbEntity
  8
A-TABLE
100
AcDbText
 10
1247.8
 20
176.8
 30
0.0
 40
1.5
  1
PROPOSED
  7
OpenSans
 11
1247.8
 21
176.8
 31
0.0
100
AcDbText
  0
TEXT
  5
2AD
330
17
100
AcDbEntity
  8
A-TABLE
100
AcDbText
 10
1265.8
 20
176.8
 30
0.0
 40
1.5
  1
AAU
  7
OpenSans
 11
1265.8
 21
176.8
 31
0.0
100
AcDbText
  0
TEXT
  5
2AE
330
17
100
AcDbEntity
  8
A-TABLE
100
AcDbText
 10
1281.8
 20
176.8
 30
0.0
 40
1.5
  1
ERICSSON
  7
OpenSans
 11
1281.8
 21
176.8
 31
0.0
100
AcDbText
  0
TEXT
  5
2AF
330
17
100
AcDbEntity
  8
A-TABLE
100
AcDbText
 10
1307.8
 20
176.8
 30
0.0
 40
1.5
  1
AIR 6449 B77D
  7
OpenSans
 11
1307.8
 21
176.8
 31
0.0
100
AcDbText
  0
TEXT
  5
2B0
330
17
100
AcDbEntity
  8
A-TABLE
100
AcDbText
 10
1347.8
 20
176.8
 30
0.0
 40
1.5
  1
138
  7
OpenSans
 11
1347.8
 21
176.8
 31
0.0
100
AcDbText
  0
TEXT
  5
2B1
330
17
100
AcDbEntity
  8
A-TABLE
100
AcDbText
 10
1361.8
 20
176.8
 30
0.0
 40
1.5
  1
1
  7
OpenSans
 11
1361.8
 21
176.8
 31
0.0
100
AcDbText
  0
TEXT
  5
2B2
330
17
100
AcDbEntity
  8
A-TABLE
100
AcDbText
 10
1374.8
 20
176.8
 30
0.0
 40
1.5
  1
n77
  7
OpenSans
 11
1374.8
 21
176.8
 31
0.0
100
AcDbText
  0
LINE
  5
2B3
330
17
100
AcDbEntity
  8
A-TABLE
100
AcDbLine
 10
1210.0
 20
175.6
 30
0.0
 11
1396.0
 21
175.6
 31
0.0
  0
TEXT
  5
2B4
330
17
100
AcDbEntity
  8
A-TABLE
100
AcDbText
 10
1210.8
 20
172.6
 30
0.0
 40
1.5
  1
BETA
  7
OpenSans
 11
1210.8
 21
172.6
 31
0.0
100
AcDbText
  0
TEXT
  5
2B5
330
17
100
AcDbEntity
  8
A-TABLE
100
AcDbText
 10
1228.8
 20
172.6
 30
0.0
 40
1.5
  1
120
  7
OpenSans
 11
1228.8
 21
172.6
 31
0.0
100
AcDbText
  0
TEXT
  5
2B6
330
17
100
AcDbEntity
  8
A-TABLE
100
AcDbText
 10
1238.8
 20
172.6
 30
0.0
 40
1.5
  1
1
  7
OpenSans
 11
1238.8
 21
172.6
 31
0.0
100
AcDbText
  0
TEXT
  5
2B7
330
17
100
AcDbEntity
  8
A-TABLE
100
AcDbText
 10
1247.8
 20
172.6
 30
0.0
 40
1.5
  1
EXISTING
  7
OpenSans
 11
1247.8
 21
172.6
 31
0.0
100
AcDbText
  0
TEXT
  5
2B8
330
17
100
AcDbEntity
  8
A-TABLE
100
AcDbText
 10
1265.8
 20
172.6
 30
0.0
 40
1.5
  1
ANTENNA
  7
OpenSans
 11
1265.8
 21
172.6
 31
0.0
100
AcDbText
  0
TEXT
  5
2B9
330
17
100
AcDbEntity
  8
A-TABLE
100
AcDbText
 10
1281.8
 20
172.6
 30
0.0
 40
1.5
  1
COMMSCOPE
  7
OpenSans
 11
1281.8
 21
172.6
 31
0.0
100
AcDbText
  0
TEXT
  5
2BA
330
17
100
AcDbEntity
  8
A-TABLE
100
AcDbText
 10
1307.8
 20
172.6
 30
0.0
 40
1.5
  1
NNH4-65B-R6
  7
OpenSans
 11
1307.8
 21
172.6
 31
0.0
100
AcDbText
  0
TEXT
  5
2BB
330
17
100
AcDbEntity
  8
A-TABLE
100
AcDbText
 10
1347.8
 20
172.6
 30
0.0
 40
1.5
  1
145
  7
OpenSans
 11
1347.8
 21
172.6
 31
0.0
100
AcDbText
  0
TEXT
  5
2BC
330
17
100
AcDbEntity
  8
A-TABLE
100
AcDbText
 10
1361.8
 20
172.6
 30
0.0
 40
1.5
  1
0
  7
OpenSans
 11
1361.8
 21
172.6
 31
0.0
100
AcDbText
  0
TEXT
  5
2BD
330
17
100
AcDbEntity
  8
A-TABLE
100
AcDbText
 10
1374.8
 20
172.6
 30
0.0
 40
1.5
  1
LB/MB
  7
OpenSans
 11
1374.8
 21
172.6
 31
0.0
100
AcDbText
  0
LINE
  5
2BE
330
17
100
AcDbEntity
  8
A-TABLE
100
AcDbLine
 10
1210.0
 20
171.4
 30
0.0
 11
1396.0
 21
171.4
 31
0.0
  0
TEXT
  5
2BF
330
17
100
AcDbEntity
  8
A-TABLE
100
AcDbText
 10
1210.8
 20
168.4
 30
0.0
 40
1.5
  1
BETA
  7
OpenSans
 11
1210.8
 21
168.4
 31
0.0
100
AcDbText
  0
TEXT
  5
2C0
330
17
100
AcDbEntity
  8
A-TABLE
100
AcDbText
 10
1228.8
 20
168.4
 30
0.0
 40
1.5
  1
120
  7
OpenSans
 11
1228.8
 21
168.4
 31
0.0
100
AcDbText
  0
TEXT
  5
2C1
330
17
100
AcDbEntity
  8
A-TABLE
100
AcDbText
 10
1238.8
 20
168.4
 30
0.0
 40
1.5
  1
1
  7
OpenSans
 11
1238.8
 21
168.4
 31
0.0
100
AcDbText
  0
TEXT
  5
2C2
330
17
100
AcDbEntity
  8
A-TABLE
100
AcDbText
 10
1247.8
 20
168.4
 30
0.0
 40
1.5
  1
EXISTING
  7
OpenSans
 11
1247.8
 21
168.4
 31
0.0
100
AcDbText
  0
TEXT
  5
2C3
330
17
100
AcDbEntity
  8
A-TABLE
100
AcDbText
 10
1265.8
 20
168.4
 30
0.0
 40
1.5
  1
RRU
  7
OpenSans
 11
1265.8
 21
168.4
 31
0.0
100
AcDbText
  0
TEXT
  5
2C4
330
17
100
AcDbEntity
  8
A-TABLE
100
AcDbText
 10
1281.8
 20
168.4
 30
0.0
 40
1.5
  1
ERICSSON
  7
OpenSans
 11
1281.8
 21
168.4
 31
0.0
100
AcDbText
  0
TEXT
  5
2C5
330
17
100
AcDbEntity
  8
A-TABLE
100
AcDbText
 10
1307.8
 20
168.4
 30
0.0
 40
1.5
  1
RADIO 4449 B5 B12
  7
OpenSans
 11
1307.8
 21
168.4
 31
0.0
100
AcDbText
  0
TEXT
  5
2C6
330
17
100
AcDbEntity
  8
A-TABLE
100
AcDbText
 10
1347.8
 20
168.4
 30
0.0
 40
1.5
  1
145
  7
OpenSans
 11
1347.8
 21
168.4
 31
0.0
100
AcDbText
  0
TEXT
  5
2C7
330
17
100
AcDbEntity
  8
A-TABLE
100
AcDbText
 10
1361.8
 20
168.4
 30
0.0
 40
1.5
  1
-
  7
OpenSans
 11
1361.8
 21
168.4
 31
0.0
100
AcDbText
  0
TEXT
  5
2C8
330
17
100
AcDbEntity
  8
A-TABLE
100
AcDbText
 10
1374.8
 20
168.4
 30
0.0
 40
1.5
  1
B5/B12
  7
OpenSans
 11
1374.8
 21
168.4
 31
0.0
100
AcDbText
  0
LINE
  5
2C9
330
17
100
AcDbEntity
  8
A-TABLE
100
AcDbLine
 10
1210.0
 20
167.2
 30
0.0
 11
1396.0
 21
167.2
 31
0.0
  0
TEXT
  5
2CA
330
17
100
AcDbEntity
  8
A-TABLE
100
AcDbText
 10
1210.8
 20
164.2
 30
0.0
 40
1.5
  1
BETA
  7
OpenSans
 11
1210.8
 21
164.2
 31
0.0
100
AcDbText
  0
TEXT
  5
2CB
330
17
100
AcDbEntity
  8
A-TABLE
100
AcDbText
 10
1228.8
 20
164.2
 30
0.0
 40
1.5
  1
120
  7
OpenSans
 11
1228.8
 21
164.2
 31
0.0
100
AcDbText
  0
TEXT
  5
2CC
330
17
100
AcDbEntity
  8
A-TABLE
100
AcDbText
 10
1238.8
 20
164.2
 30
0.0
 40
1.5
  1
1
  7
OpenSans
 11
1238.8
 21
164.2
 31
0.0
100
AcDbText
  0
TEXT
  5
2CD
330
17
100
AcDbEntity
  8
A-TABLE
100
AcDbText
 10
1247.8
 20
164.2
 30
0.0
 40
1.5
  1
EXISTING
  7
OpenSans
 11
1247.8
 21
164.2
 31
0.0
100
AcDbText
  0
TEXT
  5
2CE
330
17
100
AcDbEntity
  8
A-TABLE
100
AcDbText
 10
1265.8
 20
164.2
 30
0.0
 40
1.5
  1
RRU
  7
OpenSans
 11
1265.8
 21
164.2
 31
0.0
100
AcDbText
  0
TEXT
  5
2CF
330
17
100
AcDbEntity
  8
A-TABLE
100
AcDbText
 10
1281.8
 20
164.2
 30
0.0
 40
1.5
  1
ERICSSON
  7
OpenSans
 11
1281.8
 21
164.2
 31
0.0
100
AcDbText
  0
TEXT
  5
2D0
330
17
100
AcDbEntity
  8
A-TABLE
100
AcDbText
 10
1307.8
 20
164.2
 30
0.0
 40
1.5
  1
RADIO 4460 B2 B66
  7
OpenSans
 11
1307.8
 21
164.2
 31
0.0
100
AcDbText
  0
TEXT
  5
2D1
330
17
100
AcDbEntity
  8
A-TABLE
100
AcDbText
 10
1347.8
 20
164.2
 30
0.0
 40
1.5
  1
145
  7
OpenSans
 11
1347.8
 21
164.2
 31
0.0
100
AcDbText
  0
TEXT
  5
2D2
330
17
100
AcDbEntity
  8
A-TABLE
100
AcDbText
 10
1361.8
 20
164.2
 30
0.0
 40
1.5
  1
-
  7
OpenSans
 11
1361.8
 21
164.2
 31
0.0
100
AcDbText
  0
TEXT
  5
2D3
330
17
100
AcDbEntity
  8
A-TABLE
100
AcDbText
 10
1374.8
 20
164.2
 30
0.0
 40
1.5
  1
B2/B66
  7
OpenSans
 11
1374.8
 21
164.2
 31
0.0
100
AcDbText
  0
LINE
  5
2D4
330
17
100
AcDbEntity
  8
A-TABLE
100
AcDbLine
 10
1210.0
 20
163.0
 30
0.0
 11
1396.0
 21
163.0
 31
0.0
  0
TEXT
  5
2D5
330
17
100
AcDbEntity
  8
A-TABLE
100
AcDbText
 10
1210.8
 20
160.0
 30
0.0
 40
1.5
  1
BETA
  7
OpenSans
 11
1210.8
 21
160.0
 31
0.0
100
AcDbText
  0
TEXT
  5
2D6
330
17
100
AcDbEntity
  8
A-TABLE
100
AcDbText
 10
1228.8
 20
160.0
 30
0.0
 40
1.5
  1
120
  7
OpenSans
 11
1228.8
 21
160.0
 31
0.0
100
AcDbText
  0
TEXT
  5
2D7
330
17
100
AcDbEntity
  8
A-TABLE
100
AcDbText
 10
1238.8
 20
160.0
 30
0.0
 40
1.5
  1
2
  7
OpenSans
 11
1238.8
 21
160.0
 31
0.0
100
AcDbText
  0
TEXT
  5
2D8
330
17
100
AcDbEntity
  8
A-TABLE
100
AcDbText
 10
1247.8
 20
160.0
 30
0.0
 40
1.5
  1
EXISTING
  7
OpenSans
 11
1247.8
 21
160.0
 31
0.0
100
AcDbText
  0
TEXT
  5
2D9
330
17
100
AcDbEntity
  8
A-TABLE
100
AcDbText
 10
1265.8
 20
160.0
 30
0.0
 40
1.5
  1
ANTENNA
  7
OpenSans
 11
1265.8
 21
160.0
 31
0.0
100
AcDbText
  0
TEXT
  5
2DA
330
17
100
AcDbEntity
  8
A-TABLE
100
AcDbText
 10
1281.8
 20
160.0
 30
0.0
 40
1.5
  1
RFS
  7
OpenSans
 11
1281.8
 21
160.0
 31
0.0
100
AcDbText
  0
TEXT
  5
2DB
330
17
100
AcDbEntity
  8
A-TABLE
100
AcDbText
 10
1307.8
 20
160.0
 30
0.0
 40
1.5
  1
APXVSPP18-C-A20
  7
OpenSans
 11
1307.8
 21
160.0
 31
0.0
100
AcDbText
  0
TEXT
  5
2DC
330
17
100
AcDbEntity
  8
A-TABLE
100
AcDbText
 10
1347.8
 20
160.0
 30
0.0
 40
1.5
  1
145
  7
OpenSans
 11
1347.8
 21
160.0
 31
0.0
100
AcDbText
  0
TEXT
  5
2DD
330
17
100
AcDbEntity
  8
A-TABLE
100
AcDbText
 10
1361.8
 20
160.0
 30
0.0
 40
1.5
  1
2
  7
OpenSans
 11
1361.8
 21
160.0
 31
0.0
100
AcDbText
  0
TEXT
  5
2DE
330
17
100
AcDbEntity
  8
A-TABLE
100
AcDbText
 10
1374.8
 20
160.0
 30
0.0
 40
1.5
  1
MB
  7
OpenSans
 11
1374.8
 21
160.0
 31
0.0
100
AcDbText
  0
LINE
  5
2DF
330
17
100
AcDbEntity
  8
A-TABLE
100
AcDbLine
 10
1210.0
 20
158.8
 30
0.0
 11
1396.0
 21
158.8
 31
0.0
  0
TEXT
  5
2E0
330
17
100
AcDbEntity
  8
A-TABLE
100
AcDbText
 10
1210.8
 20
155.8
 30
0.0
 40
1.5
  1
BETA
  7
OpenSans
 11
1210.8
 21
155.8
 31
0.0
100
AcDbText
  0
TEXT
  5
2E1
330
17
100
AcDbEntity
  8
A-TABLE
100
AcDbText
 10
1228.8
 20
155.8
 30
0.0
 40
1.5
  1
120
  7
OpenSans
 11
1228.8
 21
155.8
 31
0.0
100
AcDbText
  0
TEXT
  5
2E2
330
17
100
AcDbEntity
  8
A-TABLE
100
AcDbText
 10
1238.8
 20
155.8
 30
0.0
 40
1.5
  1
2
  7
OpenSans
 11
1238.8
 21
155.8
 31
0.0
100
AcDbText
  0
TEXT
  5
2E3
330
17
100
AcDbEntity
  8
A-TABLE
100
AcDbText
 10
1247.8
 20
155.8
 30
0.0
 40
1.5
  1
EXISTING
  7
OpenSans
 11
1247.8
 21
155.8
 31
0.0
100
AcDbText
  0
TEXT
  5
2E4
330
17
100
AcDbEntity
  8
A-TABLE
100
AcDbText
 10
1265.8
 20
155.8
 30
0.0
 40
1.5
  1
RRU
  7
OpenSans
 11
1265.8
 21
155.8
 31
0.0
100
AcDbText
  0
TEXT
  5
2E5
330
17
100
AcDbEntity
  8
A-TABLE
100
AcDbText
 10
1281.8
 20
155.8
 30
0.0
 40
1.5
  1
ERICSSON
  7
OpenSans
 11
1281.8
 21
155.8
 31
0.0
100
AcDbText
  0
TEXT
  5
2E6
330
17
100
AcDbEntity
  8
A-TABLE
100
AcDbText
 10
1307.8
 20
155.8
 30
0.0
 40
1.5
  1
RADIO 2217 B66A
  7
OpenSans
 11
1307.8
 21
155.8
 31
0.0
100
AcDbText
  0
TEXT
  5
2E7
330
17
100
AcDbEntity
  8
A-TABLE
100
AcDbText
 10
1347.8
 20
155.8
 30
0.0
 40
1.5
  1
145
  7
OpenSans
 11
1347.8
 21
155.8
 31
0.0
100
AcDbText
  0
TEXT
  5
2E8
330
17
100
AcDbEntity
  8
A-TABLE
100
AcDbText
 10
1361.8
 20
155.8
 30
0.0
 40
1.5
  1
-
  7
OpenSans
 11
1361.8
 21
155.8
 31
0.0
100
AcDbText
  0
TEXT
  5
2E9
330
17
100
AcDbEntity
  8
A-TABLE
100
AcDbText
 10
1374.8
 20
155.8
 30
0.0
 40
1.5
  1
B66
  7
OpenSans
 11
1374.8
 21
155.8
 31
0.0
100
AcDbText
  0
LINE
  5
2EA
330
17
100
AcDbEntity
  8
A-TABLE
100
AcDbLine
 10
1210.0
 20
154.6
 30
0.0
 11
1396.0
 21
154.6
 31
0.0
  0
TEXT
  5
2EB
330
17
100
AcDbEntity
  8
A-TABLE
100
AcDbText
 10
1210.8
 20
151.6
 30
0.0
 40
1.5
  1
BETA
  7
OpenSans
 11
1210.8
 21
151.6
 31
0.0
100
AcDbText
  0
TEXT
  5
2EC
330
17
100
AcDbEntity
  8
A-TABLE
100
AcDbText
 10
1228.8
 20
151.6
 30
0.0
 40
1.5
  1
120
  7
OpenSans
 11
1228.8
 21
151.6
 31
0.0
100
AcDbText
  0
TEXT
  5
2ED
330
17
100
AcDbEntity
  8
A-TABLE
100
AcDbText
 10
1238.8
 20
151.6
 30
0.0
 40
1.5
  1
3
  7
OpenSans
 11
1238.8
 21
151.6
 31
0.0
100
AcDbText
  0
TEXT
  5
2EE
330
17
100
AcDbEntity
  8
A-TABLE
100
AcDbText
 10
1247.8
 20
151.6
 30
0.0
 40
1.5
  1
PROPOSED
  7
OpenSans
 11
1247.8
 21
151.6
 31
0.0
100
AcDbText
  0
TEXT
  5
2EF
330
17
100
AcDbEntity
  8
A-TABLE
100
AcDbText
 10
1265.8
 20
151.6
 30
0.0
 40
1.5
  1
AAU
  7
OpenSans
 11
1265.8
 21
151.6
 31
0.0
100
AcDbText
  0
TEXT
  5
2F0
330
17
100
AcDbEntity
  8
A-TABLE
100
AcDbText
 10
1281.8
 20
151.6
 30
0.0
 40
1.5
  1
ERICSSON
  7
OpenSans
 11
1281.8
 21
151.6
 31
0.0
100
AcDbText
  0
TEXT
  5
2F1
330
17
100
AcDbEntity
  8
A-TABLE
100
AcDbText
 10
1307.8
 20
151.6
 30
0.0
 40
1.5
  1
AIR 6449 B77D
  7
OpenSans
 11
1307.8
 21
151.6
 31
0.0
100
AcDbText
  0
TEXT
  5
2F2
330
17
100
AcDbEntity
  8
A-TABLE
100
AcDbText
 10
1347.8
 20
151.6
 30
0.0
 40
1.5
  1
138
  7
OpenSans
 11
1347.8
 21
151.6
 31
0.0
100
AcDbText
  0
TEXT
  5
2F3
330
17
100
AcDbEntity
  8
A-TABLE
100
AcDbText
 10
1361.8
 20
151.6
 30
0.0
 40
1.5
  1
0
  7
OpenSans
 11
1361.8
 21
151.6
 31
0.0
100
AcDbText
  0
TEXT
  5
2F4
330
17
100
AcDbEntity
  8
A-TABLE
100
AcDbText
 10
1374.8
 20
151.6
 30
0.0
 40
1.5
  1
n77
  7
OpenSans
 11
1374.8
 21
151.6
 31
0.0
100
AcDbText
  0
LINE
  5
2F5
330
17
100
AcDbEntity
  8
A-TABLE
100
AcDbLine
 10
1210.0
 20
150.4
 30
0.0
 11
1396.0
 21
150.4
 31
0.0
  0
TEXT
  5
2F6
330
17
100
AcDbEntity
  8
A-TABLE
100
AcDbText
 10
1210.8
 20
147.4
 30
0.0
 40
1.5
  1
GAMMA
  7
OpenSans
 11
1210.8
 21
147.4
 31
0.0
100
AcDbText
  0
TEXT
  5
2F7
330
17
100
AcDbEntity
  8
A-TABLE
100
AcDbText
 10
1228.8
 20
147.4
 30
0.0
 40
1.5
  1
240
  7
OpenSans
 11
1228.8
 21
147.4
 31
0.0
100
AcDbText
  0
TEXT
  5
2F8
330
17
100
AcDbEntity
  8
A-TABLE
100
AcDbText
 10
1238.8
 20
147.4
 30
0.0
 40
1.5
  1
1
  7
OpenSans
 11
1238.8
 21
147.4
 31
0.0
100
AcDbText
  0
TEXT
  5
2F9
330
17
100
AcDbEntity
  8
A-TABLE
100
AcDbText
 10
1247.8
 20
147.4
 30
0.0
 40
1.5
  1
EXISTING
  7
OpenSans
 11
1247.8
 21
147.4
 31
0.0
100
AcDbText
  0
TEXT
  5
2FA
330
17
100
AcDbEntity
  8
A-TABLE
100
AcDbText
 10
1265.8
 20
147.4
 30
0.0
 40
1.5
  1
ANTENNA
  7
OpenSans
 11
1265.8
 21
147.4
 31
0.0
100
AcDbText
  0
TEXT
  5
2FB
330
17
100
AcDbEntity
  8
A-TABLE
100
AcDbText
 10
1281.8
 20
147.4
 30
0.0
 40
1.5
  1
COMMSCOPE
  7
OpenSans
 11
1281.8
 21
147.4
 31
0.0
100
AcDbText
  0
TEXT
  5
2FC
330
17
100
AcDbEntity
  8
A-TABLE
100
AcDbText
 10
1307.8
 20
147.4
 30
0.0
 40
1.5
  1
NNH4-65B-R6
  7
OpenSans
 11
1307.8
 21
147.4
 31
0.0
100
AcDbText
  0
TEXT
  5
2FD
330
17
100
AcDbEntity
  8
A-TABLE
100
AcDbText
 10
1347.8
 20
147.4
 30
0.0
 40
1.5
  1
145
  7
OpenSans
 11
1347.8
 21
147.4
 31
0.0
100
AcDbText
  0
TEXT
  5
2FE
330
17
100
AcDbEntity
  8
A-TABLE
100
AcDbText
 10
1361.8
 20
147.4
 30
0.0
 40
1.5
  1
1
  7
OpenSans
 11
1361.8
 21
147.4
 31
0.0
100
AcDbText
  0
TEXT
  5
2FF
330
17
100
AcDbEntity
  8
A-TABLE
100
AcDbText
 10
1374.8
 20
147.4
 30
0.0
 40
1.5
  1
LB/MB
  7
OpenSans
 11
1374.8
 21
147.4
 31
0.0
100
AcDbText
  0
LINE
  5
300
330
17
100
AcDbEntity
  8
A-TABLE
100
AcDbLine
 10
1210.0
 20
146.2
 30
0.0
 11
1396.0
 21
146.2
 31
0.0
  0
TEXT
  5
301
330
17
100
AcDbEntity
  8
A-TABLE
100
AcDbText
 10
1210.8
 20
143.2
 30
0.0
 40
1.5
  1
GAMMA
  7
OpenSans
 11
1210.8
 21
143.2
 31
0.0
100
AcDbText
  0
TEXT
  5
302
330
17
100
AcDbEntity
  8
A-TABLE
100
AcDbText
 10
1228.8
 20
143.2
 30
0.0
 40
1.5
  1
240
  7
OpenSans
 11
1228.8
 21
143.2
 31
0.0
100
AcDbText
  0
TEXT
  5
303
330
17
100
AcDbEntity
  8
A-TABLE
100
AcDbText
 10
1238.8
 20
143.2
 30
0.0
 40
1.5
  1
1
  7
OpenSans
 11
1238.8
 21
143.2
 31
0.0
100
AcDbText
  0
TEXT
  5
304
330
17
100
AcDbEntity
  8
A-TABLE
100
AcDbText
 10
1247.8
 20
143.2
 30
0.0
 40
1.5
  1
EXISTING
  7
OpenSans
 11
1247.8
 21
143.2
 31
0.0
100
AcDbText
  0
TEXT
  5
305
330
17
100
AcDbEntity
  8
A-TABLE
100
AcDbText
 10
1265.8
 20
143.2
 30
0.0
 40
1.5
  1
RRU
  7
OpenSans
 11
1265.8
 21
143.2
 31
0.0
100
AcDbText
  0
TEXT
  5
306
330
17
100
AcDbEntity
  8
A-TABLE
100
AcDbText
 10
1281.8
 20
143.2
 30
0.0
 40
1.5
  1
ERICSSON
  7
OpenSans
 11
1281.8
 21
143.2
 31
0.0
100
AcDbText
  0
TEXT
  5
307
330
17
100
AcDbEntity
  8
A-TABLE
100
AcDbText
 10
1307.8
 20
143.2
 30
0.0
 40
1.5
  1
RADIO 4449 B5 B12
  7
OpenSans
 11
1307.8
 21
143.2
 31
0.0
100
AcDbText
  0
TEXT
  5
308
330
17
100
AcDbEntity
  8
A-TABLE
100
AcDbText
 10
1347.8
 20
143.2
 30
0.0
 40
1.5
  1
145
  7
OpenSans
 11
1347.8
 21
143.2
 31
0.0
100
AcDbText
  0
TEXT
  5
309
330
17
100
AcDbEntity
  8
A-TABLE
100
AcDbText
 10
1361.8
 20
143.2
 30
0.0
 40
1.5
  1
-
  7
OpenSans
 11
1361.8
 21
143.2
 31
0.0
100
AcDbText
  0
TEXT
  5
30A
330
17
100
AcDbEntity
  8
A-TABLE
100
AcDbText
 10
1374.8
 20
143.2
 30
0.0
 40
1.5
  1
B5/B12
  7
OpenSans
 11
1374.8
 21
143.2
 31
0.0
100
AcDbText
  0
LINE
  5
30B
330
17
100
AcDbEntity
  8
A-TABLE
100
AcDbLine
 10
1210.0
 20
142.0
 30
0.0
 11
1396.0
 21
142.0
 31
0.0
  0
TEXT
  5
30C
330
17
100
AcDbEntity
  8
A-TABLE
100
AcDbText
 10
1210.8
 20
139.0
 30
0.0
 40
1.5
  1
GAMMA
  7
OpenSans
 11
1210.8
 21
139.0
 31
0.0
100
AcDbText
  0
TEXT
  5
30D
330
17
100
AcDbEntity
  8
A-TABLE
100
AcDbText
 10
1228.8
 20
139.0
 30
0.0
 40
1.5
  1
240
  7
OpenSans
 11
1228.8
 21
139.0
 31
0.0
100
AcDbText
  0
TEXT
  5
30E
330
17
100
AcDbEntity
  8
A-TABLE
100
AcDbText
 10
1238.8
 20
139.0
 30
0.0
 40
1.5
  1
1
  7
OpenSans
 11
1238.8
 21
139.0
 31
0.0
100
AcDbText
  0
TEXT
  5
30F
330
17
100
AcDbEntity
  8
A-TABLE
100
AcDbText
 10
1247.8
 20
139.0
 30
0.0
 40
1.5
  1
EXISTING
  7
OpenSans
 11
1247.8
 21
139.0
 31
0.0
100
AcDbText
  0
TEXT
  5
310
330
17
100
AcDbEntity
  8
A-TABLE
100
AcDbText
 10
1265.8
 20
139.0
 30
0.0
 40
1.5
  1
RRU
  7
OpenSans
 11
1265.8
 21
139.0
 31
0.0
100
AcDbText
  0
TEXT
  5
311
330
17
100
AcDbEntity
  8
A-TABLE
100
AcDbText
 10
1281.8
 20
139.0
 30
0.0
 40
1.5
  1
ERICSSON
  7
OpenSans
 11
1281.8
 21
139.0
 31
0.0
100
AcDbText
  0
TEXT
  5
312
330
17
100
AcDbEntity
  8
A-TABLE
100
AcDbText
 10
1307.8
 20
139.0
 30
0.0
 40
1.5
  1
RADIO 4460 B2 B66
  7
OpenSans
 11
1307.8
 21
139.0
 31
0.0
100
AcDbText
  0
TEXT
  5
313
330
17
100
AcDbEntity
  8
A-TABLE
100
AcDbText
 10
1347.8
 20
139.0
 30
0.0
 40
1.5
  1
145
  7
OpenSans
 11
1347.8
 21
139.0
 31
0.0
100
AcDbText
  0
TEXT
  5
314
330
17
100
AcDbEntity
  8
A-TABLE
100
AcDbText
 10
1361.8
 20
139.0
 30
0.0
 40
1.5
  1
-
  7
OpenSans
 11
1361.8
 21
139.0
 31
0.0
100
AcDbText
  0
TEXT
  5
315
330
17
100
AcDbEntity
  8
A-TABLE
100
AcDbText
 10
1374.8
 20
139.0
 30
0.0
 40
1.5
  1
B2/B66
  7
OpenSans
 11
1374.8
 21
139.0
 31
0.0
100
AcDbText
  0
LINE
  5
316
330
17
100
AcDbEntity
  8
A-TABLE
100
AcDbLine
 10
1210.0
 20
137.8
 30
0.0
 11
1396.0
 21
137.8
 31
0.0
  0
TEXT
  5
317
330
17
100
AcDbEntity
  8
A-TABLE
100
AcDbText
 10
1210.8
 20
134.8
 30
0.0
 40
1.5
  1
GAMMA
  7
OpenSans
 11
1210.8
 21
134.8
 31
0.0
100
AcDbText
  0
TEXT
  5
318
330
17
100
AcDbEntity
  8
A-TABLE
100
AcDbText
 10
1228.8
 20
134.8
 30
0.0
 40
1.5
  1
240
  7
OpenSans
 11
1228.8
 21
134.8
 31
0.0
100
AcDbText
  0
TEXT
  5
319
330
17
100
AcDbEntity
  8
A-TABLE
100
AcDbText
 10
1238.8
 20
134.8
 30
0.0
 40
1.5
  1
2
  7
OpenSans
 11
1238.8
 21
134.8
 31
0.0
100
AcDbText
  0
TEXT
  5
31A
330
17
100
AcDbEntity
  8
A-TABLE
100
AcDbText
 10
1247.8
 20
134.8
 30
0.0
 40
1.5
  1
EXISTING
  7
OpenSans
 11
1247.8
 21
134.8
 31
0.0
100
AcDbText
  0
TEXT
  5
31B
330
17
100
AcDbEntity
  8
A-TABLE
100
AcDbText
 10
1265.8
 20
134.8
 30
0.0
 40
1.5
  1
ANTENNA
  7
OpenSans
 11
1265.8
 21
134.8
 31
0.0
100
AcDbText
  0
TEXT
  5
31C
330
17
100
AcDbEntity
  8
A-TABLE
100
AcDbText
 10
1281.8
 20
134.8
 30
0.0
 40
1.5
  1
RFS
  7
OpenSans
 11
1281.8
 21
134.8
 31
0.0
100
AcDbText
  0
TEXT
  5
31D
330
17
100
AcDbEntity
  8
A-TABLE
100
AcDbText
 10
1307.8
 20
134.8
 30
0.0
 40
1.5
  1
APXVSPP18-C-A20
  7
OpenSans
 11
1307.8
 21
134.8
 31
0.0
100
AcDbText
  0
TEXT
  5
31E
330
17
100
AcDbEntity
  8
A-TABLE
100
AcDbText
 10
1347.8
 20
134.8
 30
0.0
 40
1.5
  1
145
  7
OpenSans
 11
1347.8
 21
134.8
 31
0.0
100
AcDbText
  0
TEXT
  5
31F
330
17
100
AcDbEntity
  8
A-TABLE
100
AcDbText
 10
1361.8
 20
134.8
 30
0.0
 40
1.5
  1
1
  7
OpenSans
 11
1361.8
 21
134.8
 31
0.0
100
AcDbText
  0
TEXT
  5
320
330
17
100
AcDbEntity
  8
A-TABLE
100
AcDbText
 10
1374.8
 20
134.8
 30
0.0
 40
1.5
  1
MB
  7
OpenSans
 11
1374.8
 21
134.8
 31
0.0
100
AcDbText
  0
LINE
  5
321
330
17
100
AcDbEntity
  8
A-TABLE
100
AcDbLine
 10
1210.0
 20
133.6
 30
0.0
 11
1396.0
 21
133.6
 31
0.0
  0
TEXT
  5
322
330
17
100
AcDbEntity
  8
A-TABLE
100
AcDbText
 10
1210.8
 20
130.6
 30
0.0
 40
1.5
  1
GAMMA
  7
OpenSans
 11
1210.8
 21
130.6
 31
0.0
100
AcDbText
  0
TEXT
  5
323
330
17
100
AcDbEntity
  8
A-TABLE
100
AcDbText
 10
1228.8
 20
130.6
 30
0.0
 40
1.5
  1
240
  7
OpenSans
 11
1228.8
 21
130.6
 31
0.0
100
AcDbText
  0
TEXT
  5
324
330
17
100
AcDbEntity
  8
A-TABLE
100
AcDbText
 10
1238.8
 20
130.6
 30
0.0
 40
1.5
  1
2
  7
OpenSans
 11
1238.8
 21
130.6
 31
0.0
100
AcDbText
  0
TEXT
  5
325
330
17
100
AcDbEntity
  8
A-TABLE
100
AcDbText
 10
1247.8
 20
130.6
 30
0.0
 40
1.5
  1
EXISTING
  7
OpenSans
 11
1247.8
 21
130.6
 31
0.0
100
AcDbText
  0
TEXT
  5
326
330
17
100
AcDbEntity
  8
A-TABLE
100
AcDbText
 10
1265.8
 20
130.6
 30
0.0
 40
1.5
  1
RRU
  7
OpenSans
 11
1265.8
 21
130.6
 31
0.0
100
AcDbText
  0
TEXT
  5
327
330
17
100
AcDbEntity
  8
A-TABLE
100
AcDbText
 10
1281.8
 20
130.6
 30
0.0
 40
1.5
  1
ERICSSON
  7
OpenSans
 11
1281.8
 21
130.6
 31
0.0
100
AcDbText
  0
TEXT
  5
328
330
17
100
AcDbEntity
  8
A-TABLE
100
AcDbText
 10
1307.8
 20
130.6
 30
0.0
 40
1.5
  1
RADIO 2217 B66A
  7
OpenSans
 11
1307.8
 21
130.6
 31
0.0
100
AcDbText
  0
TEXT
  5
329
330
17
100
AcDbEntity
  8
A-TABLE
100
AcDbText
 10
1347.8
 20
130.6
 30
0.0
 40
1.5
  1
145
  7
OpenSans
 11
1347.8
 21
130.6
 31
0.0
100
AcDbText
  0
TEXT
  5
32A
330
17
100
AcDbEntity
  8
A-TABLE
100
AcDbText
 10
1361.8
 20
130.6
 30
0.0
 40
1.5
  1
-
  7
OpenSans
 11
1361.8
 21
130.6
 31
0.0
100
AcDbText
  0
TEXT
  5
32B
330
17
100
AcDbEntity
  8
A-TABLE
100
AcDbText
 10
1374.8
 20
130.6
 30
0.0
 40
1.5
  1
B66
  7
OpenSans
 11
1374.8
 21
130.6
 31
0.0
100
AcDbText
  0
LINE
  5
32C
330
17
100
AcDbEntity
  8
A-TABLE
100
AcDbLine
 10
1210.0
 20
129.39999999999998
 30
0.0
 11
1396.0
 21
129.39999999999998
 31
0.0
  0
TEXT
  5
32D
330
17
100
AcDbEntity
  8
A-TABLE
100
AcDbText
 10
1210.8
 20
126.39999999999998
 30
0.0
 40
1.5
  1
GAMMA
  7
OpenSans
 11
1210.8
 21
126.39999999999998
 31
0.0
100
AcDbText
  0
TEXT
  5
32E
330
17
100
AcDbEntity
  8
A-TABLE
100
AcDbText
 10
1228.8
 20
126.39999999999998
 30
0.0
 40
1.5
  1
240
  7
OpenSans
 11
1228.8
 21
126.39999999999998
 31
0.0
100
AcDbText
  0
TEXT
  5
32F
330
17
100
AcDbEntity
  8
A-TABLE
100
AcDbText
 10
1238.8
 20
126.39999999999998
 30
0.0
 40
1.5
  1
3
  7
OpenSans
 11
1238.8
 21
126.39999999999998
 31
0.0
100
AcDbText
  0
TEXT
  5
330
330
17
100
AcDbEntity
  8
A-TABLE
100
AcDbText
 10
1247.8
 20
126.39999999999998
 30
0.0
 40
1.5
  1
PROPOSED
  7
OpenSans
 11
1247.8
 21
126.39999999999998
 31
0.0
100
AcDbText
  0
TEXT
  5
331
330
17
100
AcDbEntity
  8
A-TABLE
100
AcDbText
 10
1265.8
 20
126.39999999999998
 30
0.0
 40
1.5
  1
AAU
  7
OpenSans
 11
1265.8
 21
126.39999999999998
 31
0.0
100
AcDbText
  0
TEXT
  5
332
330
17
100
AcDbEntity
  8
A-TABLE
100
AcDbText
 10
1281.8
 20
126.39999999999998
 30
0.0
 40
1.5
  1
ERICSSON
  7
OpenSans
 11
1281.8
 21
126.39999999999998
 31
0.0
100
AcDbText
  0
TEXT
  5
333
330
17
100
AcDbEntity
  8
A-TABLE
100
AcDbText
 10
1307.8
 20
126.39999999999998
 30
0.0
 40
1.5
  1
AIR 6449 B77D
  7
OpenSans
 11
1307.8
 21
126.39999999999998
 31
0.0
100
AcDbText
  0
TEXT
  5
334
330
17
100
AcDbEntity
  8
A-TABLE
100
AcDbText
 10
1347.8
 20
126.39999999999998
 30
0.0
 40
1.5
  1
138
  7
OpenSans
 11
1347.8
 21
126.39999999999998
 31
0.0
100
AcDbText
  0
TEXT
  5
335
330
17
100
AcDbEntity
  8
A-TABLE
100
AcDbText
 10
1361.8
 20
126.39999999999998
 30
0.0
 40
1.5
  1
0
  7
OpenSans
 11
1361.8
 21
126.39999999999998
 31
0.0
100
AcDbText
  0
TEXT
  5
336
330
17
100
AcDbEntity
  8
A-TABLE
100
AcDbText
 10
1374.8
 20
126.39999999999998
 30
0.0
 40
1.5
  1
n77
  7
OpenSans
 11
1374.8
 21
126.39999999999998
 31
0.0
100
AcDbText
  0
LINE
  5
337
330
17
100
AcDbEntity
  8
A-TABLE
100
AcDbLine
 10
1210.0
 20
125.2
 30
0.0
 11
1396.0
 21
125.2
 31
0.0
  0
LINE
  5
338
330
17
100
AcDbEntity
  8
A-TABLE
100
AcDbLine
 10
1210.0
 20
205.0
 30
0.0
 11
1210.0
 21
125.2
 31
0.0
  0
LINE
  5
339
330
17
100
AcDbEntity
  8
A-TABLE
100
AcDbLine
 10
1228.0
 20
205.0
 30
0.0
 11
1228.0
 21
125.2
 31
0.0
  0
LINE
  5
33A
330
17
100
AcDbEntity
  8
A-TABLE
100
AcDbLine
 10
1238.0
 20
205.0
 30
0.0
 11
1238.0
 21
125.2
 31
0.0
  0
LINE
  5
33B
330
17
100
AcDbEntity
  8
A-TABLE
100
AcDbLine
 10
1247.0
 20
205.0
 30
0.0
 11
1247.0
 21
125.2
 31
0.0
  0
LINE
  5
33C
330
17
100
AcDbEntity
  8
A-TABLE
100
AcDbLine
 10
1265.0
 20
205.0
 30
0.0
 11
1265.0
 21
125.2
 31
0.0
  0
LINE
  5
33D
330
17
100
AcDbEntity
  8
A-TABLE
100
AcDbLine
 10
1281.0
 20
205.0
 30
0.0
 11
1281.0
 21
125.2
 31
0.0
  0
LINE
  5
33E
330
17
100
AcDbEntity
  8
A-TABLE
100
AcDbLine
 10
1307.0
 20
205.0
 30
0.0
 11
1307.0
 21
125.2
 31
0.0
  0
LINE
  5
33F
330
17
100
AcDbEntity
  8
A-TABLE
100
AcDbLine
 10
1347.0
 20
205.0
 30
0.0
 11
1347.0
 21
125.2
 31
0.0
  0
LINE
  5
340
330
17
100
AcDbEntity
  8
A-TABLE
100
AcDbLine
 10
1361.0
 20
205.0
 30
0.0
 11
1361.0
 21
125.2
 31
0.0
  0
LINE
  5
341
330
17
100
AcDbEntity
  8
A-TABLE
100
AcDbLine
 10
1374.0
 20
205.0
 30
0.0
 11
1374.0
 21
125.2
 31
0.0
  0
LINE
  5
342
330
17
100
AcDbEntity
  8
A-TABLE
100
AcDbLine
 10
1396.0
 20
205.0
 30
0.0
 11
1396.0
 21
125.2
 31
0.0
  0
TEXT
  5
343
330
17
100
AcDbEntity
  8
A-TEXT
100
AcDbText
 10
1210.0
 20
118.2
 30
0.0
 40
2.6
  1
CABLE SCHEDULE (REQ'D = 1.10 x (VERT + HORIZ))
  7
OpenSans
 11
1210.0
 21
118.2
 31
0.0
100
AcDbText
  0
LINE
  5
344
330
17
100
AcDbEntity
  8
A-TABLE
100
AcDbLine
 10
1210.0
 20
115.2
 30
0.0
 11
1395.0
 21
115.2
 31
0.0
  0
TEXT
  5
345
330
17
100
AcDbEntity
  8
A-TABLE
100
AcDbText
 10
1210.8
 20
112.2
 30
0.0
 40
1.55
  1
TRUNK
  7
OpenSans
 11
1210.8
 21
112.2
 31
0.0
100
AcDbText
  0
TEXT
  5
346
330
17
100
AcDbEntity
  8
A-TABLE
100
AcDbText
 10
1226.8
 20
112.2
 30
0.0
 40
1.55
  1
TYPE
  7
OpenSans
 11
1226.8
 21
112.2
 31
0.0
100
AcDbText
  0
TEXT
  5
347
330
17
100
AcDbEntity
  8
A-TABLE
100
AcDbText
 10
1260.8
 20
112.2
 30
0.0
 40
1.55
  1
FROM
  7
OpenSans
 11
1260.8
 21
112.2
 31
0.0
100
AcDbText
  0
TEXT
  5
348
330
17
100
AcDbEntity
  8
A-TABLE
100
AcDbText
 10
1290.8
 20
112.2
 30
0.0
 40
1.55
  1
TO
  7
OpenSans
 11
1290.8
 21
112.2
 31
0.0
100
AcDbText
  0
TEXT
  5
349
330
17
100
AcDbEntity
  8
A-TABLE
100
AcDbText
 10
1320.8
 20
112.2
 30
0.0
 40
1.55
  1
VERT (FT)
  7
OpenSans
 11
1320.8
 21
112.2
 31
0.0
100
AcDbText
  0
TEXT
  5
34A
330
17
100
AcDbEntity
  8
A-TABLE
100
AcDbText
 10
1337.8
 20
112.2
 30
0.0
 40
1.55
  1
HORIZ (FT)
  7
OpenSans
 11
1337.8
 21
112.2
 31
0.0
100
AcDbText
  0
TEXT
  5
34B
330
17
100
AcDbEntity
  8
A-TABLE
100
AcDbText
 10
1355.8
 20
112.2
 30
0.0
 40
1.55
  1
REQ'D (FT)
  7
OpenSans
 11
1355.8
 21
112.2
 31
0.0
100
AcDbText
  0
TEXT
  5
34C
330
17
100
AcDbEntity
  8
A-TABLE
100
AcDbText
 10
1373.8
 20
112.2
 30
0.0
 40
1.55
  1
SPECIFIED
  7
OpenSans
 11
1373.8
 21
112.2
 31
0.0
100
AcDbText
  0
LINE
  5
34D
330
17
100
AcDbEntity
  8
A-TABLE
100
AcDbLine
 10
1210.0
 20
111.0
 30
0.0
 11
1395.0
 21
111.0
 31
0.0
  0
TEXT
  5
34E
330
17
100
AcDbEntity
  8
A-TABLE
100
AcDbText
 10
1210.8
 20
108.0
 30
0.0
 40
1.55
  1
T1
  7
OpenSans
 11
1210.8
 21
108.0
 31
0.0
100
AcDbText
  0
TEXT
  5
34F
330
17
100
AcDbEntity
  8
A-TABLE
100
AcDbText
 10
1226.8
 20
108.0
 30
0.0
 40
1.55
  1
HYBRID 6x12
  7
OpenSans
 11
1226.8
 21
108.0
 31
0.0
100
AcDbText
  0
TEXT
  5
350
330
17
100
AcDbEntity
  8
A-TABLE
100
AcDbText
 10
1260.8
 20
108.0
 30
0.0
 40
1.55
  1
BASE OVP / CABINET
  7
OpenSans
 11
1260.8
 21
108.0
 31
0.0
100
AcDbText
  0
TEXT
  5
351
330
17
100
AcDbEntity
  8
A-TABLE
100
AcDbText
 10
1290.8
 20
108.0
 30
0.0
 40
1.55
  1
TOP OVP
  7
OpenSans
 11
1290.8
 21
108.0
 31
0.0
100
AcDbText
  0
TEXT
  5
352
330
17
100
AcDbEntity
  8
A-TABLE
100
AcDbText
 10
1320.8
 20
108.0
 30
0.0
 40
1.55
  1
143
  7
OpenSans
 11
1320.8
 21
108.0
 31
0.0
100
AcDbText
  0
TEXT
  5
353
330
17
100
AcDbEntity
  8
A-TABLE
100
AcDbText
 10
1337.8
 20
108.0
 30
0.0
 40
1.55
  1
28
  7
OpenSans
 11
1337.8
 21
108.0
 31
0.0
100
AcDbText
  0
TEXT
  5
354
330
17
100
AcDbEntity
  8
A-TABLE
100
AcDbText
 10
1355.8
 20
108.0
 30
0.0
 40
1.55
  1
188.1
  7
OpenSans
 11
1355.8
 21
108.0
 31
0.0
100
AcDbText
  0
TEXT
  5
355
330
17
100
AcDbEntity
  8
A-TABLE
100
AcDbText
 10
1373.8
 20
108.0
 30
0.0
 40
1.55
  1
200 FT
  7
OpenSans
 11
1373.8
 21
108.0
 31
0.0
100
AcDbText
  0
LINE
  5
356
330
17
100
AcDbEntity
  8
A-TABLE
100
AcDbLine
 10
1210.0
 20
106.8
 30
0.0
 11
1395.0
 21
106.8
 31
0.0
  0
LINE
  5
357
330
17
100
AcDbEntity
  8
A-TABLE
100
AcDbLine
 10
1210.0
 20
115.2
 30
0.0
 11
1210.0
 21
106.8
 31
0.0
  0
LINE
  5
358
330
17
100
AcDbEntity
  8
A-TABLE
100
AcDbLine
 10
1226.0
 20
115.2
 30
0.0
 11
1226.0
 21
106.8
 31
0.0
  0
LINE
  5
359
330
17
100
AcDbEntity
  8
A-TABLE
100
AcDbLine
 10
1260.0
 20
115.2
 30
0.0
 11
1260.0
 21
106.8
 31
0.0
  0
LINE
  5
35A
330
17
100
AcDbEntity
  8
A-TABLE
100
AcDbLine
 10
1290.0
 20
115.2
 30
0.0
 11
1290.0
 21
106.8
 31
0.0
  0
LINE
  5
35B
330
17
100
AcDbEntity
  8
A-TABLE
100
AcDbLine
 10
1320.0
 20
115.2
 30
0.0
 11
1320.0
 21
106.8
 31
0.0
  0
LINE
  5
35C
330
17
100
AcDbEntity
  8
A-TABLE
100
AcDbLine
 10
1337.0
 20
115.2
 30
0.0
 11
1337.0
 21
106.8
 31
0.0
  0
LINE
  5
35D
330
17
100
AcDbEntity
  8
A-TABLE
100
AcDbLine
 10
1355.0
 20
115.2
 30
0.0
 11
1355.0
 21
106.8
 31
0.0
  0
LINE
  5
35E
330
17
100
AcDbEntity
  8
A-TABLE
100
AcDbLine
 10
1373.0
 20
115.2
 30
0.0
 11
1373.0
 21
106.8
 31
0.0
  0
LINE
  5
35F
330
17
100
AcDbEntity
  8
A-TABLE
100
AcDbLine
 10
1395.0
 20
115.2
 30
0.0
 11
1395.0
 21
106.8
 31
0.0
  0
TEXT
  5
360
330
17
100
AcDbEntity
  8
A-TEXT
100
AcDbText
 10
1210.0
 20
99.8
 30
0.0
 40
2.6
  1
JUMPER SCHEDULE
  7
OpenSans
 11
1210.0
 21
99.8
 31
0.0
100
AcDbText
  0
LINE
  5
361
330
17
100
AcDbEntity
  8
A-TABLE
100
AcDbLine
 10
1210.0
 20
96.8
 30
0.0
 11
1320.0
 21
96.8
 31
0.0
  0
TEXT
  5
362
330
17
100
AcDbEntity
  8
A-TABLE
100
AcDbText
 10
1210.8
 20
93.8
 30
0.0
 40
1.55
  1
JUMPER
  7
OpenSans
 11
1210.8
 21
93.8
 31
0.0
100
AcDbText
  0
TEXT
  5
363
330
17
100
AcDbEntity
  8
A-TABLE
100
AcDbText
 10
1250.8
 20
93.8
 30
0.0
 40
1.55
  1
ROUTE
  7
OpenSans
 11
1250.8
 21
93.8
 31
0.0
100
AcDbText
  0
TEXT
  5
364
330
17
100
AcDbEntity
  8
A-TABLE
100
AcDbText
 10
1290.8
 20
93.8
 30
0.0
 40
1.55
  1
LENGTH
  7
OpenSans
 11
1290.8
 21
93.8
 31
0.0
100
AcDbText
  0
TEXT
  5
365
330
17
100
AcDbEntity
  8
A-TABLE
100
AcDbText
 10
1308.8
 20
93.8
 30
0.0
 40
1.55
  1
QTY
  7
OpenSans
 11
1308.8
 21
93.8
 31
0.0
100
AcDbText
  0
LINE
  5
366
330
17
100
AcDbEntity
  8
A-TABLE
100
AcDbLine
 10
1210.0
 20
92.6
 30
0.0
 11
1320.0
 21
92.6
 31
0.0
  0
TEXT
  5
367
330
17
100
AcDbEntity
  8
A-TABLE
100
AcDbText
 10
1210.8
 20
89.6
 30
0.0
 40
1.55
  1
DC JUMPER 8 AWG
  7
OpenSans
 11
1210.8
 21
89.6
 31
0.0
100
AcDbText
  0
TEXT
  5
368
330
17
100
AcDbEntity
  8
A-TABLE
100
AcDbText
 10
1250.8
 20
89.6
 30
0.0
 40
1.55
  1
TOP OVP TO RRU
  7
OpenSans
 11
1250.8
 21
89.6
 31
0.0
100
AcDbText
  0
TEXT
  5
369
330
17
100
AcDbEntity
  8
A-TABLE
100
AcDbText
 10
1290.8
 20
89.6
 30
0.0
 40
1.55
  1
15 FT
  7
OpenSans
 11
1290.8
 21
89.6
 31
0.0
100
AcDbText
  0
TEXT
  5
36A
330
17
100
AcDbEntity
  8
A-TABLE
100
AcDbText
 10
1308.8
 20
89.6
 30
0.0
 40
1.55
  1
0
  7
OpenSans
 11
1308.8
 21
89.6
 31
0.0
100
AcDbText
  0
LINE
  5
36B
330
17
100
AcDbEntity
  8
A-TABLE
100
AcDbLine
 10
1210.0
 20
88.39999999999999
 30
0.0
 11
1320.0
 21
88.39999999999999
 31
0.0
  0
TEXT
  5
36C
330
17
100
AcDbEntity
  8
A-TABLE
100
AcDbText
 10
1210.8
 20
85.39999999999999
 30
0.0
 40
1.55
  1
FIBER JUMPER LC-LC
  7
OpenSans
 11
1210.8
 21
85.39999999999999
 31
0.0
100
AcDbText
  0
TEXT
  5
36D
330
17
100
AcDbEntity
  8
A-TABLE
100
AcDbText
 10
1250.8
 20
85.39999999999999
 30
0.0
 40
1.55
  1
TOP OVP TO RRU
  7
OpenSans
 11
1250.8
 21
85.39999999999999
 31
0.0
100
AcDbText
  0
TEXT
  5
36E
330
17
100
AcDbEntity
  8
A-TABLE
100
AcDbText
 10
1290.8
 20
85.39999999999999
 30
0.0
 40
1.55
  1
15 FT
  7
OpenSans
 11
1290.8
 21
85.39999999999999
 31
0.0
100
AcDbText
  0
TEXT
  5
36F
330
17
100
AcDbEntity
  8
A-TABLE
100
AcDbText
 10
1308.8
 20
85.39999999999999
 30
0.0
 40
1.55
  1
0
  7
OpenSans
 11
1308.8
 21
85.39999999999999
 31
0.0
100
AcDbText
  0
LINE
  5
370
330
17
100
AcDbEntity
  8
A-TABLE
100
AcDbLine
 10
1210.0
 20
84.19999999999999
 30
0.0
 11
1320.0
 21
84.19999999999999
 31
0.0
  0
TEXT
  5
371
330
17
100
AcDbEntity
  8
A-TABLE
100
AcDbText
 10
1210.8
 20
81.19999999999999
 30
0.0
 40
1.55
  1
DC JUMPER 8 AWG
  7
OpenSans
 11
1210.8
 21
81.19999999999999
 31
0.0
100
AcDbText
  0
TEXT
  5
372
330
17
100
AcDbEntity
  8
A-TABLE
100
AcDbText
 10
1250.8
 20
81.19999999999999
 30
0.0
 40
1.55
  1
TOP OVP TO AAU
  7
OpenSans
 11
1250.8
 21
81.19999999999999
 31
0.0
100
AcDbText
  0
TEXT
  5
373
330
17
100
AcDbEntity
  8
A-TABLE
100
AcDbText
 10
1290.8
 20
81.19999999999999
 30
0.0
 40
1.55
  1
20 FT
  7
OpenSans
 11
1290.8
 21
81.19999999999999
 31
0.0
100
AcDbText
  0
TEXT
  5
374
330
17
100
AcDbEntity
  8
A-TABLE
100
AcDbText
 10
1308.8
 20
81.19999999999999
 30
0.0
 40
1.55
  1
3
  7
OpenSans
 11
1308.8
 21
81.19999999999999
 31
0.0
100
AcDbText
  0
LINE
  5
375
330
17
100
AcDbEntity
  8
A-TABLE
100
AcDbLine
 10
1210.0
 20
80.0
 30
0.0
 11
1320.0
 21
80.0
 31
0.0
  0
TEXT
  5
376
330
17
100
AcDbEntity
  8
A-TABLE
100
AcDbText
 10
1210.8
 20
77.0
 30
0.0
 40
1.55
  1
FIBER JUMPER LC-LC
  7
OpenSans
 11
1210.8
 21
77.0
 31
0.0
100
AcDbText
  0
TEXT
  5
377
330
17
100
AcDbEntity
  8
A-TABLE
100
AcDbText
 10
1250.8
 20
77.0
 30
0.0
 40
1.55
  1
TOP OVP TO AAU
  7
OpenSans
 11
1250.8
 21
77.0
 31
0.0
100
AcDbText
  0
TEXT
  5
378
330
17
100
AcDbEntity
  8
A-TABLE
100
AcDbText
 10
1290.8
 20
77.0
 30
0.0
 40
1.55
  1
20 FT
  7
OpenSans
 11
1290.8
 21
77.0
 31
0.0
100
AcDbText
  0
TEXT
  5
379
330
17
100
AcDbEntity
  8
A-TABLE
100
AcDbText
 10
1308.8
 20
77.0
 30
0.0
 40
1.55
  1
3
  7
OpenSans
 11
1308.8
 21
77.0
 31
0.0
100
AcDbText
  0
LINE
  5
37A
330
17
100
AcDbEntity
  8
A-TABLE
100
AcDbLine
 10
1210.0
 20
75.8
 30
0.0
 11
1320.0
 21
75.8
 31
0.0
  0
LINE
  5
37B
330
17
100
AcDbEntity
  8
A-TABLE
100
AcDbLine
 10
1210.0
 20
96.8
 30
0.0
 11
1210.0
 21
75.8
 31
0.0
  0
LINE
  5
37C
330
17
100
AcDbEntity
  8
A-TABLE
100
AcDbLine
 10
1250.0
 20
96.8
 30
0.0
 11
1250.0
 21
75.8
 31
0.0
  0
LINE
  5
37D
330
17
100
AcDbEntity
  8
A-TABLE
100
AcDbLine
 10
1290.0
 20
96.8
 30
0.0
 11
1290.0
 21
75.8
 31
0.0
  0
LINE
  5
37E
330
17
100
AcDbEntity
  8
A-TABLE
100
AcDbLine
 10
1308.0
 20
96.8
 30
0.0
 11
1308.0
 21
75.8
 31
0.0
  0
LINE
  5
37F
330
17
100
AcDbEntity
  8
A-TABLE
100
AcDbLine
 10
1320.0
 20
96.8
 30
0.0
 11
1320.0
 21
75.8
 31
0.0
  0
LWPOLYLINE
  5
380
330
17
100
AcDbEntity
  8
A-BORDER
100
AcDbPolyline
 90
4
 70
1
 10
1600.0
 20
0.0
 10
1940.0
 20
0.0
 10
1940.0
 20
220.0
 10
1600.0
 20
220.0
  0
LWPOLYLINE
  5
381
330
17
100
AcDbEntity
  8
A-BORDER
100
AcDbPolyline
 90
4
 70
1
 10
1604.0
 20
4.0
 10
1936.0
 20
4.0
 10
1936.0
 20
216.0
 10
1604.0
 20
216.0
  0
LWPOLYLINE
  5
382
330
17
100
AcDbEntity
  8
A-TITLE
100
AcDbPolyline
 90
4
 70
1
 10
1882.0
 20
4.0
 10
1936.0
 20
4.0
 10
1936.0
 20
216.0
 10
1882.0
 20
216.0
  0
TEXT
  5
383
330
17
100
AcDbEntity
  8
A-TITLE
100
AcDbText
 10
1885.0
 20
208.0
 30
0.0
 40
1.7
  1
MERIDIAN A&E GROUP
  7
OpenSans
 11
1885.0
 21
208.0
 31
0.0
100
AcDbText
  0
TEXT
  5
384
330
17
100
AcDbEntity
  8
A-TITLE
100
AcDbText
 10
1885.0
 20
202.8
 30
0.0
 40
1.7
  1
(SYNTHETIC SAMPLE)
  7
OpenSans
 11
1885.0
 21
202.8
 31
0.0
100
AcDbText
  0
TEXT
  5
385
330
17
100
AcDbEntity
  8
A-TITLE
100
AcDbText
 10
1885.0
 20
197.6
 30
0.0
 40
1.7
  1

  7
OpenSans
 11
1885.0
 21
197.6
 31
0.0
100
AcDbText
  0
TEXT
  5
386
330
17
100
AcDbEntity
  8
A-TITLE
100
AcDbText
 10
1885.0
 20
192.4
 30
0.0
 40
1.7
  1
CLIENT: ERICSSON
  7
OpenSans
 11
1885.0
 21
192.4
 31
0.0
100
AcDbText
  0
TEXT
  5
387
330
17
100
AcDbEntity
  8
A-TITLE
100
AcDbText
 10
1885.0
 20
187.2
 30
0.0
 40
1.7
  1
CARRIER: CARRIER-A
  7
OpenSans
 11
1885.0
 21
187.2
 31
0.0
100
AcDbText
  0
TEXT
  5
388
330
17
100
AcDbEntity
  8
A-TITLE
100
AcDbText
 10
1885.0
 20
182.0
 30
0.0
 40
1.7
  1

  7
OpenSans
 11
1885.0
 21
182.0
 31
0.0
100
AcDbText
  0
TEXT
  5
389
330
17
100
AcDbEntity
  8
A-TITLE
100
AcDbText
 10
1885.0
 20
176.8
 30
0.0
 40
1.7
  1
SITE ID: TXDA1024
  7
OpenSans
 11
1885.0
 21
176.8
 31
0.0
100
AcDbText
  0
TEXT
  5
38A
330
17
100
AcDbEntity
  8
A-TITLE
100
AcDbText
 10
1885.0
 20
171.6
 30
0.0
 40
1.7
  1
SITE: LAKEWOOD HEIGHTS
  7
OpenSans
 11
1885.0
 21
171.6
 31
0.0
100
AcDbText
  0
TEXT
  5
38B
330
17
100
AcDbEntity
  8
A-TITLE
100
AcDbText
 10
1885.0
 20
166.4
 30
0.0
 40
1.7
  1
6120 ABRAMS RD (SYNTHETIC)
  7
OpenSans
 11
1885.0
 21
166.4
 31
0.0
100
AcDbText
  0
TEXT
  5
38C
330
17
100
AcDbEntity
  8
A-TITLE
100
AcDbText
 10
1885.0
 20
161.2
 30
0.0
 40
1.7
  1
DALLAS, TX 75214
  7
OpenSans
 11
1885.0
 21
161.2
 31
0.0
100
AcDbText
  0
TEXT
  5
38D
330
17
100
AcDbEntity
  8
A-TITLE
100
AcDbText
 10
1885.0
 20
156.0
 30
0.0
 40
1.7
  1

  7
OpenSans
 11
1885.0
 21
156.0
 31
0.0
100
AcDbText
  0
TEXT
  5
38E
330
17
100
AcDbEntity
  8
A-TITLE
100
AcDbText
 10
1885.0
 20
150.8
 30
0.0
 40
1.7
  1
STRUCTURE: MONOPOLE
  7
OpenSans
 11
1885.0
 21
150.8
 31
0.0
100
AcDbText
  0
TEXT
  5
38F
330
17
100
AcDbEntity
  8
A-TITLE
100
AcDbText
 10
1885.0
 20
145.6
 30
0.0
 40
1.7
  1
HEIGHT: 150 FT
  7
OpenSans
 11
1885.0
 21
145.6
 31
0.0
100
AcDbText
  0
TEXT
  5
390
330
17
100
AcDbEntity
  8
A-TITLE
100
AcDbText
 10
1885.0
 20
140.39999999999998
 30
0.0
 40
1.7
  1

  7
OpenSans
 11
1885.0
 21
140.39999999999998
 31
0.0
100
AcDbText
  0
TEXT
  5
391
330
17
100
AcDbEntity
  8
A-TITLE
100
AcDbText
 10
1885.0
 20
135.2
 30
0.0
 40
1.7
  1
REV 2  2026-10-08
  7
OpenSans
 11
1885.0
 21
135.2
 31
0.0
100
AcDbText
  0
TEXT
  5
392
330
17
100
AcDbEntity
  8
A-TITLE
100
AcDbText
 10
1885.0
 20
130.0
 30
0.0
 40
1.7
  1
ISSUED FOR CONSTRUCTION
  7
OpenSans
 11
1885.0
 21
130.0
 31
0.0
100
AcDbText
  0
TEXT
  5
393
330
17
100
AcDbEntity
  8
A-TITLE
100
AcDbText
 10
1885.0
 20
124.8
 30
0.0
 40
1.7
  1

  7
OpenSans
 11
1885.0
 21
124.8
 31
0.0
100
AcDbText
  0
TEXT
  5
394
330
17
100
AcDbEntity
  8
A-TITLE
100
AcDbText
 10
1885.0
 20
119.6
 30
0.0
 40
1.7
  1
NOT FOR CONSTRUCTION -
  7
OpenSans
 11
1885.0
 21
119.6
 31
0.0
100
AcDbText
  0
TEXT
  5
395
330
17
100
AcDbEntity
  8
A-TITLE
100
AcDbText
 10
1885.0
 20
114.39999999999999
 30
0.0
 40
1.7
  1
SYNTHETIC POC DATA
  7
OpenSans
 11
1885.0
 21
114.39999999999999
 31
0.0
100
AcDbText
  0
TEXT
  5
396
330
17
100
AcDbEntity
  8
A-TITLE
100
AcDbText
 10
1885.0
 20
30.0
 30
0.0
 40
1.6
  1
SHEET TITLE:
  7
OpenSans
 11
1885.0
 21
30.0
 31
0.0
100
AcDbText
  0
TEXT
  5
397
330
17
100
AcDbEntity
  8
A-TITLE
100
AcDbText
 10
1885.0
 20
24.0
 30
0.0
 40
1.8
  1
GROUNDING PLAN & NOTES
  7
OpenSans
 11
1885.0
 21
24.0
 31
0.0
100
AcDbText
  0
TEXT
  5
398
330
17
100
AcDbEntity
  8
A-TITLE
100
AcDbText
 10
1885.0
 20
12.0
 30
0.0
 40
3.2
  1
SHEET E-1
  7
OpenSans
 11
1885.0
 21
12.0
 31
0.0
100
AcDbText
  0
TEXT
  5
399
330
17
100
AcDbEntity
  8
A-TEXT
100
AcDbText
 10
1612.0
 20
200.0
 30
0.0
 40
3.0
  1
GROUNDING PLAN
  7
OpenSans
 11
1612.0
 21
200.0
 31
0.0
100
AcDbText
  0
CIRCLE
  5
39A
330
17
100
AcDbEntity
  8
E-GROUND
100
AcDbCircle
 10
1720.0
 20
115.0
 30
0.0
 40
55.0
  0
TEXT
  5
39B
330
17
100
AcDbEntity
  8
A-TEXT
100
AcDbText
 10
1670.0
 20
55.0
 30
0.0
 40
1.8
  1
(E) GROUND RING #2 AWG BARE TINNED
  7
OpenSans
 11
1670.0
 21
55.0
 31
0.0
100
AcDbText
  0
LWPOLYLINE
  5
39C
330
17
100
AcDbEntity
  8
E-GROUND
100
AcDbPolyline
 90
4
 70
1
 10
1715.0
 20
110.0
 10
1725.0
 20
110.0
 10
1725.0
 20
116.0
 10
1715.0
 20
116.0
  0
TEXT
  5
39D
330
17
100
AcDbEntity
  8
A-TEXT
100
AcDbText
 10
1712.0
 20
105.0
 30
0.0
 40
1.8
  1
(E) MGB
  7
OpenSans
 11
1712.0
 21
105.0
 31
0.0
100
AcDbText
  0
LWPOLYLINE
  5
39E
330
17
100
AcDbEntity
  8
E-GROUND
100
AcDbPolyline
 90
4
 70
1
 10
1716.0
 20
148.0
 10
1724.0
 20
148.0
 10
1724.0
 20
152.0
 10
1716.0
 20
152.0
  0
TEXT
  5
39F
330
17
100
AcDbEntity
  8
A-TEXT
100
AcDbText
 10
1714.0
 20
154.0
 30
0.0
 40
1.4
  1
(P) ALPHA TOWER-TOP GROUND BAR
  7
OpenSans
 11
1714.0
 21
154.0
 31
0.0
100
AcDbText
  0
LINE
  5
3A0
330
17
100
AcDbEntity
  8
E-GROUND
100
AcDbLine
 10
1720.0
 20
150.0
 30
0.0
 11
1720.0
 21
116.0
 31
0.0
  0
LWPOLYLINE
  5
3A1
330
17
100
AcDbEntity
  8
E-GROUND
100
AcDbPolyline
 90
4
 70
1
 10
1746.3108891324553
 20
95.5
 10
1754.3108891324553
 20
95.5
 10
1754.3108891324553
 20
99.5
 10
1746.3108891324553
 20
99.5
  0
TEXT
  5
3A2
330
17
100
AcDbEntity
  8
A-TEXT
100
AcDbText
 10
1744.3108891324553
 20
101.5
 30
0.0
 40
1.4
  1
(P) BETA TOWER-TOP GROUND BAR
  7
OpenSans
 11
1744.3108891324553
 21
101.5
 31
0.0
100
AcDbText
  0
LINE
  5
3A3
330
17
100
AcDbEntity
  8
E-GROUND
100
AcDbLine
 10
1750.3108891324553
 20
97.5
 30
0.0
 11
1720.0
 21
116.0
 31
0.0
  0
LWPOLYLINE
  5
3A4
330
17
100
AcDbEntity
  8
E-GROUND
100
AcDbPolyline
 90
4
 70
1
 10
1685.6891108675447
 20
95.49999999999999
 10
1693.6891108675447
 20
95.49999999999999
 10
1693.6891108675447
 20
99.49999999999999
 10
1685.6891108675447
 20
99.49999999999999
  0
TEXT
  5
3A5
330
17
100
AcDbEntity
  8
A-TEXT
100
AcDbText
 10
1683.6891108675447
 20
101.49999999999999
 30
0.0
 40
1.4
  1
(P) GAMMA TOWER-TOP GROUND BAR
  7
OpenSans
 11
1683.6891108675447
 21
101.49999999999999
 31
0.0
100
AcDbText
  0
LINE
  5
3A6
330
17
100
AcDbEntity
  8
E-GROUND
100
AcDbLine
 10
1689.6891108675447
 20
97.49999999999999
 30
0.0
 11
1720.0
 21
116.0
 31
0.0
  0
TEXT
  5
3A7
330
17
100
AcDbEntity
  8
A-TEXT
100
AcDbText
 10
1790.0
 20
190.0
 30
0.0
 40
1.6
  1
1. BOND EACH NEW RRU, AAU AND ANTENNA TO SECTOR GROUND BAR WITH #6 AWG.
  7
OpenSans
 11
1790.0
 21
190.0
 31
0.0
100
AcDbText
  0
TEXT
  5
3A8
330
17
100
AcDbEntity
  8
A-TEXT
100
AcDbText
 10
1790.0
 20
184.0
 30
0.0
 40
1.6
  1
2. GROUND HYBRID TRUNK AT TOP, BOTTOM AND MID-SPAN IF > 200 FT.
  7
OpenSans
 11
1790.0
 21
184.0
 31
0.0
100
AcDbText
  0
TEXT
  5
3A9
330
17
100
AcDbEntity
  8
A-TEXT
100
AcDbText
 10
1790.0
 20
178.0
 30
0.0
 40
1.6
  1
3. BOND TOP AND BASE OVP ENCLOSURES WITH #6 AWG.
  7
OpenSans
 11
1790.0
 21
178.0
 31
0.0
100
AcDbText
  0
TEXT
  5
3AA
330
17
100
AcDbEntity
  8
A-TEXT
100
AcDbText
 10
1790.0
 20
172.0
 30
0.0
 40
1.6
  1
4. ALL LUGS TWO-HOLE, TINNED, WITH ANTI-OXIDANT.
  7
OpenSans
 11
1790.0
 21
172.0
 31
0.0
100
AcDbText
  0
TEXT
  5
3CA
330
17
100
AcDbEntity
  8
A-REV
100
AcDbText
 10
969.0333209967908
 20
68.80961894323343
 30
0.0
 40
1.2
  1
(P) MOUNT PIPE
  7
OpenSans
 11
969.0333209967908
 21
68.80961894323343
 31
0.0
100
AcDbText
  0
LWPOLYLINE
  5
3CB
330
17
100
AcDbEntity
  8
A-REV
100
AcDbPolyline
 90
3
 70
1
 10
966.2333209967909
 20
72.56961894323342
 10
968.8333209967908
 20
72.56961894323342
 10
967.5333209967908
 20
75.03961894323344
  0
TEXT
  5
3CC
330
17
100
AcDbEntity
  8
A-REV
100
AcDbText
 10
967.5333209967908
 20
73.29761894323343
 30
0.0
 40
1.092
  1
2
  7
OpenSans
 72
1
 11
967.5333209967908
 21
73.29761894323343
 31
0.0
100
AcDbText
 73
2
  0
TEXT
  5
3CD
330
17
100
AcDbEntity
  8
A-TITLE
100
AcDbText
 10
285.0
 20
104.0
 30
0.0
 40
1.6
  1
REVISIONS
  7
OpenSans
 11
285.0
 21
104.0
 31
0.0
100
AcDbText
  0
TEXT
  5
3CE
330
17
100
AcDbEntity
  8
A-TITLE
100
AcDbText
 10
285.0
 20
99.5
 30
0.0
 40
1.3
  1
1  2026-08-20  ISSUED FOR CONSTRUCTION
  7
OpenSans
 11
285.0
 21
99.5
 31
0.0
100
AcDbText
  0
TEXT
  5
3CF
330
17
100
AcDbEntity
  8
A-REV
100
AcDbText
 10
285.0
 20
96.0
 30
0.0
 40
1.3
  1
2  2026-10-08  REDLINES INCORPORATED
  7
OpenSans
 11
285.0
 21
96.0
 31
0.0
100
AcDbText
  0
LWPOLYLINE
  5
3D0
330
17
100
AcDbEntity
  8
A-REV
100
AcDbPolyline
 90
3
 70
1
 10
330.9
 20
95.72
 10
333.1
 20
95.72
 10
332.0
 20
97.80999999999999
  0
TEXT
  5
3D1
330
17
100
AcDbEntity
  8
A-REV
100
AcDbText
 10
332.0
 20
96.336
 30
0.0
 40
0.924
  1
2
  7
OpenSans
 72
1
 11
332.0
 21
96.336
 31
0.0
100
AcDbText
 73
2
  0
TEXT
  5
3D2
330
17
100
AcDbEntity
  8
A-TITLE
100
AcDbText
 10
685.0
 20
104.0
 30
0.0
 40
1.6
  1
REVISIONS
  7
OpenSans
 11
685.0
 21
104.0
 31
0.0
100
AcDbText
  0
TEXT
  5
3D3
330
17
100
AcDbEntity
  8
A-TITLE
100
AcDbText
 10
685.0
 20
99.5
 30
0.0
 40
1.3
  1
1  2026-08-20  ISSUED FOR CONSTRUCTION
  7
OpenSans
 11
685.0
 21
99.5
 31
0.0
100
AcDbText
  0
TEXT
  5
3D4
330
17
100
AcDbEntity
  8
A-REV
100
AcDbText
 10
685.0
 20
96.0
 30
0.0
 40
1.3
  1
2  2026-10-08  REDLINES INCORPORATED
  7
OpenSans
 11
685.0
 21
96.0
 31
0.0
100
AcDbText
  0
LWPOLYLINE
  5
3D5
330
17
100
AcDbEntity
  8
A-REV
100
AcDbPolyline
 90
3
 70
1
 10
730.9
 20
95.72
 10
733.1
 20
95.72
 10
732.0
 20
97.80999999999999
  0
TEXT
  5
3D6
330
17
100
AcDbEntity
  8
A-REV
100
AcDbText
 10
732.0
 20
96.336
 30
0.0
 40
0.924
  1
2
  7
OpenSans
 72
1
 11
732.0
 21
96.336
 31
0.0
100
AcDbText
 73
2
  0
TEXT
  5
3D7
330
17
100
AcDbEntity
  8
A-TITLE
100
AcDbText
 10
1085.0
 20
104.0
 30
0.0
 40
1.6
  1
REVISIONS
  7
OpenSans
 11
1085.0
 21
104.0
 31
0.0
100
AcDbText
  0
TEXT
  5
3D8
330
17
100
AcDbEntity
  8
A-TITLE
100
AcDbText
 10
1085.0
 20
99.5
 30
0.0
 40
1.3
  1
1  2026-08-20  ISSUED FOR CONSTRUCTION
  7
OpenSans
 11
1085.0
 21
99.5
 31
0.0
100
AcDbText
  0
TEXT
  5
3D9
330
17
100
AcDbEntity
  8
A-REV
100
AcDbText
 10
1085.0
 20
96.0
 30
0.0
 40
1.3
  1
2  2026-10-08  REDLINES INCORPORATED
  7
OpenSans
 11
1085.0
 21
96.0
 31
0.0
100
AcDbText
  0
LWPOLYLINE
  5
3DA
330
17
100
AcDbEntity
  8
A-REV
100
AcDbPolyline
 90
3
 70
1
 10
1130.9
 20
95.72
 10
1133.1
 20
95.72
 10
1132.0
 20
97.80999999999999
  0
TEXT
  5
3DB
330
17
100
AcDbEntity
  8
A-REV
100
AcDbText
 10
1132.0
 20
96.336
 30
0.0
 40
0.924
  1
2
  7
OpenSans
 72
1
 11
1132.0
 21
96.336
 31
0.0
100
AcDbText
 73
2
  0
TEXT
  5
3DC
330
17
100
AcDbEntity
  8
A-TITLE
100
AcDbText
 10
1485.0
 20
104.0
 30
0.0
 40
1.6
  1
REVISIONS
  7
OpenSans
 11
1485.0
 21
104.0
 31
0.0
100
AcDbText
  0
TEXT
  5
3DD
330
17
100
AcDbEntity
  8
A-TITLE
100
AcDbText
 10
1485.0
 20
99.5
 30
0.0
 40
1.3
  1
1  2026-08-20  ISSUED FOR CONSTRUCTION
  7
OpenSans
 11
1485.0
 21
99.5
 31
0.0
100
AcDbText
  0
TEXT
  5
3DE
330
17
100
AcDbEntity
  8
A-REV
100
AcDbText
 10
1485.0
 20
96.0
 30
0.0
 40
1.3
  1
2  2026-10-08  REDLINES INCORPORATED
  7
OpenSans
 11
1485.0
 21
96.0
 31
0.0
100
AcDbText
  0
LWPOLYLINE
  5
3DF
330
17
100
AcDbEntity
  8
A-REV
100
AcDbPolyline
 90
3
 70
1
 10
1530.9
 20
95.72
 10
1533.1
 20
95.72
 10
1532.0
 20
97.80999999999999
  0
TEXT
  5
3E0
330
17
100
AcDbEntity
  8
A-REV
100
AcDbText
 10
1532.0
 20
96.336
 30
0.0
 40
0.924
  1
2
  7
OpenSans
 72
1
 11
1532.0
 21
96.336
 31
0.0
100
AcDbText
 73
2
  0
TEXT
  5
3E1
330
17
100
AcDbEntity
  8
A-TITLE
100
AcDbText
 10
1885.0
 20
104.0
 30
0.0
 40
1.6
  1
REVISIONS
  7
OpenSans
 11
1885.0
 21
104.0
 31
0.0
100
AcDbText
  0
TEXT
  5
3E2
330
17
100
AcDbEntity
  8
A-TITLE
100
AcDbText
 10
1885.0
 20
99.5
 30
0.0
 40
1.3
  1
1  2026-08-20  ISSUED FOR CONSTRUCTION
  7
OpenSans
 11
1885.0
 21
99.5
 31
0.0
100
AcDbText
  0
TEXT
  5
3E3
330
17
100
AcDbEntity
  8
A-REV
100
AcDbText
 10
1885.0
 20
96.0
 30
0.0
 40
1.3
  1
2  2026-10-08  REDLINES INCORPORATED
  7
OpenSans
 11
1885.0
 21
96.0
 31
0.0
100
AcDbText
  0
LWPOLYLINE
  5
3E4
330
17
100
AcDbEntity
  8
A-REV
100
AcDbPolyline
 90
3
 70
1
 10
1930.9
 20
95.72
 10
1933.1
 20
95.72
 10
1932.0
 20
97.80999999999999
  0
TEXT
  5
3E5
330
17
100
AcDbEntity
  8
A-REV
100
AcDbText
 10
1932.0
 20
96.336
 30
0.0
 40
0.924
  1
2
  7
OpenSans
 72
1
 11
1932.0
 21
96.336
 31
0.0
100
AcDbText
 73
2
  0
TEXT
  5
3E6
330
17
100
AcDbEntity
  8
A-REV
100
AcDbText
 10
150.0
 20
58.0
 30
0.0
 40
2.4
  1
REVISION 2 - REDLINES INCORPORATED
  7
OpenSans
 11
150.0
 21
58.0
 31
0.0
100
AcDbText
  0
TEXT
  5
3E7
330
17
100
AcDbEntity
  8
A-REV
100
AcDbText
 10
152.0
 20
53.0
 30
0.0
 40
1.45
  1
1. [A-3] DELETE (E) SPARE PIPE AT BETA POS 3 - NOT PRESENT PER DRONE SURVEY. ADD (P) MOUNT PIPE IF
  7
OpenSans
 11
152.0
 21
53.0
 31
0.0
100
AcDbText
  0
TEXT
  5
3E8
330
17
100
AcDbEntity
  8
A-REV
100
AcDbText
 10
155.0
 20
50.0
 30
0.0
 40
1.45
  1
POSITION IS USED. (DSC-2ED927169C3D, redline APPROVED, APPLIED)
  7
OpenSans
 11
155.0
 21
50.0
 31
0.0
100
AcDbText
  0
ENDSEC
  0
SECTION
  2
OBJECTS
  0
DICTIONARY
  5
A
330
0
100
AcDbDictionary
281
1
  3
ACAD_COLOR
350
B
  3
ACAD_GROUP
350
C
  3
ACAD_LAYOUT
350
D
  3
ACAD_MATERIAL
350
E
  3
ACAD_MLEADERSTYLE
350
F
  3
ACAD_MLINESTYLE
350
10
  3
ACAD_PLOTSETTINGS
350
11
  3
ACAD_PLOTSTYLENAME
350
12
  3
ACAD_SCALELIST
350
14
  3
ACAD_TABLESTYLE
350
15
  3
ACAD_VISUALSTYLE
350
16
  3
EZDXF_META
350
2D
  0
DICTIONARY
  5
B
330
A
100
AcDbDictionary
281
1
  0
DICTIONARY
  5
C
330
A
100
AcDbDictionary
281
1
  0
DICTIONARY
  5
D
330
A
100
AcDbDictionary
281
1
  3
Model
350
1A
  3
Layout1
350
1E
  0
DICTIONARY
  5
E
330
A
100
AcDbDictionary
281
1
  3
ByBlock
350
1F
  3
ByLayer
350
20
  3
Global
350
21
  0
DICTIONARY
  5
F
330
A
100
AcDbDictionary
281
1
  3
Standard
350
2C
  0
DICTIONARY
  5
10
330
A
100
AcDbDictionary
281
1
  3
Standard
350
22
  0
DICTIONARY
  5
11
330
A
100
AcDbDictionary
281
1
  0
ACDBDICTIONARYWDFLT
  5
12
330
A
100
AcDbDictionary
281
1
  3
Normal
350
13
100
AcDbDictionaryWithDefault
340
13
  0
ACDBPLACEHOLDER
  5
13
330
12
  0
DICTIONARY
  5
14
330
A
100
AcDbDictionary
281
1
  0
DICTIONARY
  5
15
330
A
100
AcDbDictionary
281
1
  0
DICTIONARY
  5
16
330
A
100
AcDbDictionary
281
1
  3
2dWireframe
350
5A
  3
Basic
350
5B
  3
Brighten
350
5C
  3
ColorChange
350
5D
  3
Conceptual
350
5E
  3
Dim
350
5F
  3
EdgeColorOff
350
60
  3
Facepattern
350
61
  3
Flat
350
62
  3
FlatWithEdges
350
63
  3
Gouraud
350
64
  3
GouraudWithEdges
350
65
  3
Hidden
350
66
  3
JitterOff
350
67
  3
Linepattern
350
68
  3
Modeling
350
69
  3
OverhangOff
350
6A
  3
Realistic
350
6B
  3
Shaded
350
6C
  3
Shaded with edges
350
6D
  3
Shades of Gray
350
6E
  3
Sketchy
350
6F
  3
Thicken
350
70
  3
Wireframe
350
71
  3
X-Ray
350
72
  0
LAYOUT
  5
1A
330
D
100
AcDbPlotSettings
  1

  4
A3
  6

 40
7.5
 41
20.0
 42
7.5
 43
20.0
 44
420.0
 45
297.0
 46
0.0
 47
0.0
 48
0.0
 49
0.0
140
0.0
141
0.0
142
1.0
143
1.0
 70
1024
 72
1
 73
0
 74
5
  7

 75
16
 76
0
 77
2
 78
300
147
1.0
148
0.0
149
0.0
100
AcDbLayout
  1
Model
 70
1
 71
0
 10
0.0
 20
0.0
 11
420.0
 21
297.0
 12
0.0
 22
0.0
 32
0.0
 14
1e+20
 24
1e+20
 34
1e+20
 15
-1e+20
 25
-1e+20
 35
-1e+20
146
0.0
 13
0.0
 23
0.0
 33
0.0
 16
1.0
 26
0.0
 36
0.0
 17
0.0
 27
1.0
 37
0.0
 76
1
330
17
  0
LAYOUT
  5
1E
330
D
100
AcDbPlotSettings
  1

  4
A3
  6

 40
7.5
 41
20.0
 42
7.5
 43
20.0
 44
420.0
 45
297.0
 46
0.0
 47
0.0
 48
0.0
 49
0.0
140
0.0
141
0.0
142
1.0
143
1.0
 70
0
 72
1
 73
0
 74
5
  7

 75
16
 76
0
 77
2
 78
300
147
1.0
148
0.0
149
0.0
100
AcDbLayout
  1
Layout1
 70
1
 71
1
 10
0.0
 20
0.0
 11
420.0
 21
297.0
 12
0.0
 22
0.0
 32
0.0
 14
1e+20
 24
1e+20
 34
1e+20
 15
-1e+20
 25
-1e+20
 35
-1e+20
146
0.0
 13
0.0
 23
0.0
 33
0.0
 16
1.0
 26
0.0
 36
0.0
 17
0.0
 27
1.0
 37
0.0
 76
1
330
1B
  0
MATERIAL
  5
1F
102
{ACAD_REACTORS
330
E
102
}
330
E
100
AcDbMaterial
  1
ByBlock
  2

 70
0
 40
1.0
 71
1
 41
1.0
 91
-1023410177
 42
1.0
 72
1
  3

 73
1
 74
1
 75
1
 44
0.5
 73
0
 45
1.0
 46
1.0
 77
1
  4

 78
1
 79
1
170
1
 48
1.0
171
1
  6

172
1
173
1
174
1
140
1.0
141
1.0
175
1
  7

176
1
177
1
178
1
143
1.0
179
1
  8

270
1
271
1
272
1
145
1.0
146
1.0
273
1
  9

274
1
275
1
276
1
 42
1.0
 72
1
  3

 73
1
 74
1
 75
1
 94
63
  0
MATERIAL
  5
20
102
{ACAD_REACTORS
330
E
102
}
330
E
100
AcDbMaterial
  1
ByLayer
  2

 70
0
 40
1.0
 71
1
 41
1.0
 91
-1023410177
 42
1.0
 72
1
  3

 73
1
 74
1
 75
1
 44
0.5
 73
0
 45
1.0
 46
1.0
 77
1
  4

 78
1
 79
1
170
1
 48
1.0
171
1
  6

172
1
173
1
174
1
140
1.0
141
1.0
175
1
  7

176
1
177
1
178
1
143
1.0
179
1
  8

270
1
271
1
272
1
145
1.0
146
1.0
273
1
  9

274
1
275
1
276
1
 42
1.0
 72
1
  3

 73
1
 74
1
 75
1
 94
63
  0
MATERIAL
  5
21
102
{ACAD_REACTORS
330
E
102
}
330
E
100
AcDbMaterial
  1
Global
  2

 70
0
 40
1.0
 71
1
 41
1.0
 91
-1023410177
 42
1.0
 72
1
  3

 73
1
 74
1
 75
1
 44
0.5
 73
0
 45
1.0
 46
1.0
 77
1
  4

 78
1
 79
1
170
1
 48
1.0
171
1
  6

172
1
173
1
174
1
140
1.0
141
1.0
175
1
  7

176
1
177
1
178
1
143
1.0
179
1
  8

270
1
271
1
272
1
145
1.0
146
1.0
273
1
  9

274
1
275
1
276
1
 42
1.0
 72
1
  3

 73
1
 74
1
 75
1
 94
63
  0
MLINESTYLE
  5
22
102
{ACAD_REACTORS
330
10
102
}
330
10
100
AcDbMlineStyle
  2
Standard
 70
0
  3

 62
256
 51
90.0
 52
90.0
 71
2
 49
0.5
 62
256
  6
BYLAYER
 49
-0.5
 62
256
  6
BYLAYER
  0
MLEADERSTYLE
  5
2C
102
{ACAD_REACTORS
330
F
102
}
330
F
100
AcDbMLeaderStyle
179
2
170
2
171
1
172
0
 90
2
 40
0.0
 41
0.0
173
1
 91
-1056964608
 92
-2
290
1
 42
2.0
291
1
 43
8.0
  3
Standard
 44
4.0
300

342
29
174
1
175
1
176
0
178
1
 93
-1056964608
 45
4.0
292
0
297
0
 46
4.0
 94
-1056964608
 47
1.0
 49
1.0
140
1.0
294
1
141
0.0
177
0
142
1.0
295
0
296
0
143
3.75
271
0
272
9
273
9
  0
DICTIONARY
  5
2D
330
A
100
AcDbDictionary
280
1
281
1
  3
CREATED_BY_EZDXF
350
2E
  3
WRITTEN_BY_EZDXF
350
3AD
  0
DICTIONARYVAR
  5
2E
330
2D
100
DictionaryVariables
280
0
  1
1.4.4 @ 2026-09-28T20:55:47.421033+00:00
  0
VISUALSTYLE
  5
5A
102
{ACAD_REACTORS
330
16
102
}
330
16
100
AcDbVisualStyle
  2
2dWireframe
 70
4
177
3
291
0
 70
58
 90
2
176
1
 90
2
176
1
 90
0
176
1
 90
0
176
1
 40
0.6
176
1
 40
30.0
176
1
 62
7
420
16777215
176
1
 90
1
176
1
 90
4
176
1
 62
7
176
1
 62
257
176
1
 90
1
176
1
 90
1
176
1
 40
1.0
176
1
 90
8
176
1
 62
7
176
1
 40
1.0
176
1
 90
1
176
1
 90
6
176
1
 90
2
176
1
 62
7
176
1
 90
5
176
1
 90
0
176
1
 90
0
176
1
290
0
176
1
 90
1
176
1
 40
0.0
176
1
 90
0
176
1
290
1
176
1
290
1
176
1
290
0
176
1
290
0
176
1
290
0
176
1
290
0
176
1
290
0
176
1
290
0
176
1
290
0
176
1
 90
50
176
1
 40
0.0
176
1
 40
1.0
176
1
 90
0
176
1
 62
18
420
0
176
1
 90
50
176
1
 90
3
176
1
 62
5
420
255
176
1
290
0
176
1
 90
50
176
1
 90
50
176
1
 90
50
176
1
290
0
176
1
 90
50
176
1
 62
256
176
0
 40
1.0
176
0
 90
2
176
1
  1
strokes_ogs.tif
176
1
290
0
176
1
 40
1.0
176
1
 40
1.0
176
1
  0
VISUALSTYLE
  5
5B
102
{ACAD_REACTORS
330
16
102
}
330
16
100
AcDbVisualStyle
  2
Basic
 70
7
177
3
291
1
 70
58
 90
2
176
1
 90
2
176
1
 90
0
176
1
 90
1
176
1
 40
0.6
176
1
 40
30.0
176
1
 62
7
420
16777215
176
1
 90
1
176
1
 90
4
176
1
 62
7
176
1
 62
257
176
1
 90
1
176
1
 90
1
176
1
 40
1.0
176
1
 90
8
176
1
 62
7
176
1
 40
1.0
176
1
 90
1
176
1
 90
6
176
1
 90
2
176
1
 62
7
176
1
 90
5
176
1
 90
0
176
1
 90
0
176
1
290
0
176
1
 90
1
176
1
 40
0.0
176
1
 90
0
176
1
290
0
176
1
290
1
176
1
290
1
176
1
290
0
176
1
290
0
176
1
290
0
176
1
290
0
176
1
290
0
176
1
290
0
176
1
 90
50
176
1
 40
0.0
176
1
 40
1.0
176
1
 90
0
176
1
 62
18
420
0
176
1
 90
50
176
1
 90
3
176
1
 62
5
420
255
176
1
290
0
176
1
 90
50
176
1
 90
50
176
1
 90
50
176
1
290
0
176
1
 90
50
176
1
 62
256
176
0
 40
1.0
176
0
 90
2
176
1
  1
strokes_ogs.tif
176
1
290
0
176
1
 40
1.0
176
1
 40
1.0
176
1
  0
VISUALSTYLE
  5
5C
102
{ACAD_REACTORS
330
16
102
}
330
16
100
AcDbVisualStyle
  2
Brighten
 70
12
177
3
291
1
 70
58
 90
2
176
1
 90
2
176
1
 90
0
176
1
 90
2
176
1
 40
0.6
176
1
 40
30.0
176
1
 62
7
420
16777215
176
1
 90
1
176
1
 90
4
176
1
 62
7
176
1
 62
257
176
1
 90
1
176
1
 90
1
176
1
 40
1.0
176
1
 90
8
176
1
 62
7
176
1
 40
1.0
176
1
 90
1
176
1
 90
6
176
1
 90
2
176
1
 62
7
176
1
 90
5
176
1
 90
0
176
1
 90
0
176
1
290
0
176
1
 90
1
176
1
 40
0.0
176
1
 90
0
176
1
290
0
176
1
290
1
176
1
290
1
176
1
290
0
176
1
290
0
176
1
290
0
176
1
290
0
176
1
290
0
176
1
290
0
176
1
 90
50
176
1
 40
0.0
176
1
 40
1.0
176
1
 90
0
176
1
 62
18
420
0
176
1
 90
50
176
1
 90
3
176
1
 62
5
420
255
176
1
290
0
176
1
 90
50
176
1
 90
50
176
1
 90
50
176
1
290
0
176
1
 90
50
176
1
 62
256
176
0
 40
1.0
176
0
 90
2
176
1
  1
strokes_ogs.tif
176
1
290
0
176
1
 40
1.0
176
1
 40
1.0
176
1
  0
VISUALSTYLE
  5
5D
102
{ACAD_REACTORS
330
16
102
}
330
16
100
AcDbVisualStyle
  2
ColorChange
 70
16
177
3
291
1
 70
58
 90
2
176
1
 90
2
176
1
 90
0
176
1
 90
2
176
1
 40
0.6
176
1
 40
30.0
176
1
 62
7
420
16777215
176
1
 90
1
176
1
 90
4
176
1
 62
7
176
1
 62
257
176
1
 90
1
176
1
 90
1
176
1
 40
1.0
176
1
 90
8
176
1
 62
7
176
1
 40
1.0
176
1
 90
1
176
1
 90
6
176
1
 90
2
176
1
 62
7
176
1
 90
5
176
1
 90
0
176
1
 90
0
176
1
290
0
176
1
 90
1
176
1
 40
0.0
176
1
 90
0
176
1
290
0
176
1
290
1
176
1
290
1
176
1
290
0
176
1
290
0
176
1
290
0
176
1
290
0
176
1
290
0
176
1
290
0
176
1
 90
50
176
1
 40
0.0
176
1
 40
1.0
176
1
 90
0
176
1
 62
18
420
0
176
1
 90
50
176
1
 90
3
176
1
 62
5
420
255
176
1
290
0
176
1
 90
50
176
1
 90
50
176
1
 90
50
176
1
290
0
176
1
 90
50
176
1
 62
256
176
0
 40
1.0
176
0
 90
2
176
1
  1
strokes_ogs.tif
176
1
290
0
176
1
 40
1.0
176
1
 40
1.0
176
1
  0
VISUALSTYLE
  5
5E
102
{ACAD_REACTORS
330
16
102
}
330
16
100
AcDbVisualStyle
  2
Conceptual
 70
9
177
3
291
0
 70
58
 90
2
176
1
 90
2
176
1
 90
0
176
1
 90
3
176
1
 40
0.6
176
1
 40
30.0
176
1
 62
7
420
16777215
176
1
 90
1
176
1
 90
4
176
1
 62
7
176
1
 62
257
176
1
 90
1
176
1
 90
1
176
1
 40
1.0
176
1
 90
8
176
1
 62
7
176
1
 40
1.0
176
1
 90
1
176
1
 90
6
176
1
 90
2
176
1
 62
7
176
1
 90
5
176
1
 90
0
176
1
 90
0
176
1
290
0
176
1
 90
1
176
1
 40
0.0
176
1
 90
0
176
1
290
0
176
1
290
1
176
1
290
1
176
1
290
0
176
1
290
0
176
1
290
0
176
1
290
0
176
1
290
0
176
1
290
0
176
1
 90
50
176
1
 40
0.0
176
1
 40
1.0
176
1
 90
0
176
1
 62
18
420
0
176
1
 90
50
176
1
 90
3
176
1
 62
5
420
255
176
1
290
0
176
1
 90
50
176
1
 90
50
176
1
 90
50
176
1
290
0
176
1
 90
50
176
1
 62
256
176
0
 40
1.0
176
0
 90
2
176
1
  1
strokes_ogs.tif
176
1
290
0
176
1
 40
1.0
176
1
 40
1.0
176
1
  0
VISUALSTYLE
  5
5F
102
{ACAD_REACTORS
330
16
102
}
330
16
100
AcDbVisualStyle
  2
Dim
 70
11
177
3
291
1
 70
58
 90
2
176
1
 90
2
176
1
 90
0
176
1
 90
2
176
1
 40
0.6
176
1
 40
30.0
176
1
 62
7
420
16777215
176
1
 90
1
176
1
 90
4
176
1
 62
7
176
1
 62
257
176
1
 90
1
176
1
 90
1
176
1
 40
1.0
176
1
 90
8
176
1
 62
7
176
1
 40
1.0
176
1
 90
1
176
1
 90
6
176
1
 90
2
176
1
 62
7
176
1
 90
5
176
1
 90
0
176
1
 90
0
176
1
290
0
176
1
 90
1
176
1
 40
0.0
176
1
 90
0
176
1
290
0
176
1
290
1
176
1
290
1
176
1
290
0
176
1
290
0
176
1
290
0
176
1
290
0
176
1
290
0
176
1
290
0
176
1
 90
50
176
1
 40
0.0
176
1
 40
1.0
176
1
 90
0
176
1
 62
18
420
0
176
1
 90
50
176
1
 90
3
176
1
 62
5
420
255
176
1
290
0
176
1
 90
50
176
1
 90
50
176
1
 90
50
176
1
290
0
176
1
 90
50
176
1
 62
256
176
0
 40
1.0
176
0
 90
2
176
1
  1
strokes_ogs.tif
176
1
290
0
176
1
 40
1.0
176
1
 40
1.0
176
1
  0
VISUALSTYLE
  5
60
102
{ACAD_REACTORS
330
16
102
}
330
16
100
AcDbVisualStyle
  2
EdgeColorOff
 70
22
177
3
291
1
 70
58
 90
2
176
1
 90
2
176
1
 90
0
176
1
 90
2
176
1
 40
0.6
176
1
 40
30.0
176
1
 62
7
420
16777215
176
1
 90
1
176
1
 90
4
176
1
 62
7
176
1
 62
257
176
1
 90
1
176
1
 90
1
176
1
 40
1.0
176
1
 90
8
176
1
 62
7
176
1
 40
1.0
176
1
 90
1
176
1
 90
6
176
1
 90
2
176
1
 62
7
176
1
 90
5
176
1
 90
0
176
1
 90
0
176
1
290
0
176
1
 90
1
176
1
 40
0.0
176
1
 90
0
176
1
290
0
176
1
290
1
176
1
290
1
176
1
290
0
176
1
290
0
176
1
290
0
176
1
290
0
176
1
290
0
176
1
290
0
176
1
 90
50
176
1
 40
0.0
176
1
 40
1.0
176
1
 90
0
176
1
 62
18
420
0
176
1
 90
50
176
1
 90
3
176
1
 62
5
420
255
176
1
290
0
176
1
 90
50
176
1
 90
50
176
1
 90
50
176
1
290
0
176
1
 90
50
176
1
 62
256
176
0
 40
1.0
176
0
 90
2
176
1
  1
strokes_ogs.tif
176
1
290
0
176
1
 40
1.0
176
1
 40
1.0
176
1
  0
VISUALSTYLE
  5
61
102
{ACAD_REACTORS
330
16
102
}
330
16
100
AcDbVisualStyle
  2
Facepattern
 70
15
177
3
291
1
 70
58
 90
2
176
1
 90
2
176
1
 90
0
176
1
 90
2
176
1
 40
0.6
176
1
 40
30.0
176
1
 62
7
420
16777215
176
1
 90
1
176
1
 90
4
176
1
 62
7
176
1
 62
257
176
1
 90
1
176
1
 90
1
176
1
 40
1.0
176
1
 90
8
176
1
 62
7
176
1
 40
1.0
176
1
 90
1
176
1
 90
6
176
1
 90
2
176
1
 62
7
176
1
 90
5
176
1
 90
0
176
1
 90
0
176
1
290
0
176
1
 90
1
176
1
 40
0.0
176
1
 90
0
176
1
290
0
176
1
290
1
176
1
290
1
176
1
290
0
176
1
290
0
176
1
290
0
176
1
290
0
176
1
290
0
176
1
290
0
176
1
 90
50
176
1
 40
0.0
176
1
 40
1.0
176
1
 90
0
176
1
 62
18
420
0
176
1
 90
50
176
1
 90
3
176
1
 62
5
420
255
176
1
290
0
176
1
 90
50
176
1
 90
50
176
1
 90
50
176
1
290
0
176
1
 90
50
176
1
 62
256
176
0
 40
1.0
176
0
 90
2
176
1
  1
strokes_ogs.tif
176
1
290
0
176
1
 40
1.0
176
1
 40
1.0
176
1
  0
VISUALSTYLE
  5
62
102
{ACAD_REACTORS
330
16
102
}
330
16
100
AcDbVisualStyle
  2
Flat
 70
0
177
3
291
1
 70
58
 90
2
176
1
 90
2
176
1
 90
0
176
1
 90
2
176
1
 40
0.6
176
1
 40
30.0
176
1
 62
7
420
16777215
176
1
 90
1
176
1
 90
4
176
1
 62
7
176
1
 62
257
176
1
 90
1
176
1
 90
1
176
1
 40
1.0
176
1
 90
8
176
1
 62
7
176
1
 40
1.0
176
1
 90
1
176
1
 90
6
176
1
 90
2
176
1
 62
7
176
1
 90
5
176
1
 90
0
176
1
 90
0
176
1
290
0
176
1
 90
1
176
1
 40
0.0
176
1
 90
0
176
1
290
0
176
1
290
1
176
1
290
1
176
1
290
0
176
1
290
0
176
1
290
0
176
1
290
0
176
1
290
0
176
1
290
0
176
1
 90
50
176
1
 40
0.0
176
1
 40
1.0
176
1
 90
0
176
1
 62
18
420
0
176
1
 90
50
176
1
 90
3
176
1
 62
5
420
255
176
1
290
0
176
1
 90
50
176
1
 90
50
176
1
 90
50
176
1
290
0
176
1
 90
50
176
1
 62
256
176
0
 40
1.0
176
0
 90
2
176
1
  1
strokes_ogs.tif
176
1
290
0
176
1
 40
1.0
176
1
 40
1.0
176
1
  0
VISUALSTYLE
  5
63
102
{ACAD_REACTORS
330
16
102
}
330
16
100
AcDbVisualStyle
  2
FlatWithEdges
 70
1
177
3
291
1
 70
58
 90
2
176
1
 90
2
176
1
 90
0
176
1
 90
2
176
1
 40
0.6
176
1
 40
30.0
176
1
 62
7
420
16777215
176
1
 90
1
176
1
 90
4
176
1
 62
7
176
1
 62
257
176
1
 90
1
176
1
 90
1
176
1
 40
1.0
176
1
 90
8
176
1
 62
7
176
1
 40
1.0
176
1
 90
1
176
1
 90
6
176
1
 90
2
176
1
 62
7
176
1
 90
5
176
1
 90
0
176
1
 90
0
176
1
290
0
176
1
 90
1
176
1
 40
0.0
176
1
 90
0
176
1
290
0
176
1
290
1
176
1
290
1
176
1
290
0
176
1
290
0
176
1
290
0
176
1
290
0
176
1
290
0
176
1
290
0
176
1
 90
50
176
1
 40
0.0
176
1
 40
1.0
176
1
 90
0
176
1
 62
18
420
0
176
1
 90
50
176
1
 90
3
176
1
 62
5
420
255
176
1
290
0
176
1
 90
50
176
1
 90
50
176
1
 90
50
176
1
290
0
176
1
 90
50
176
1
 62
256
176
0
 40
1.0
176
0
 90
2
176
1
  1
strokes_ogs.tif
176
1
290
0
176
1
 40
1.0
176
1
 40
1.0
176
1
  0
VISUALSTYLE
  5
64
102
{ACAD_REACTORS
330
16
102
}
330
16
100
AcDbVisualStyle
  2
Gouraud
 70
2
177
3
291
1
 70
58
 90
2
176
1
 90
2
176
1
 90
0
176
1
 90
2
176
1
 40
0.6
176
1
 40
30.0
176
1
 62
7
420
16777215
176
1
 90
1
176
1
 90
4
176
1
 62
7
176
1
 62
257
176
1
 90
1
176
1
 90
1
176
1
 40
1.0
176
1
 90
8
176
1
 62
7
176
1
 40
1.0
176
1
 90
1
176
1
 90
6
176
1
 90
2
176
1
 62
7
176
1
 90
5
176
1
 90
0
176
1
 90
0
176
1
290
0
176
1
 90
1
176
1
 40
0.0
176
1
 90
0
176
1
290
0
176
1
290
1
176
1
290
1
176
1
290
0
176
1
290
0
176
1
290
0
176
1
290
0
176
1
290
0
176
1
290
0
176
1
 90
50
176
1
 40
0.0
176
1
 40
1.0
176
1
 90
0
176
1
 62
18
420
0
176
1
 90
50
176
1
 90
3
176
1
 62
5
420
255
176
1
290
0
176
1
 90
50
176
1
 90
50
176
1
 90
50
176
1
290
0
176
1
 90
50
176
1
 62
256
176
0
 40
1.0
176
0
 90
2
176
1
  1
strokes_ogs.tif
176
1
290
0
176
1
 40
1.0
176
1
 40
1.0
176
1
  0
VISUALSTYLE
  5
65
102
{ACAD_REACTORS
330
16
102
}
330
16
100
AcDbVisualStyle
  2
GouraudWithEdges
 70
3
177
3
291
1
 70
58
 90
2
176
1
 90
2
176
1
 90
0
176
1
 90
2
176
1
 40
0.6
176
1
 40
30.0
176
1
 62
7
420
16777215
176
1
 90
1
176
1
 90
4
176
1
 62
7
176
1
 62
257
176
1
 90
1
176
1
 90
1
176
1
 40
1.0
176
1
 90
8
176
1
 62
7
176
1
 40
1.0
176
1
 90
1
176
1
 90
6
176
1
 90
2
176
1
 62
7
176
1
 90
5
176
1
 90
0
176
1
 90
0
176
1
290
0
176
1
 90
1
176
1
 40
0.0
176
1
 90
0
176
1
290
0
176
1
290
1
176
1
290
1
176
1
290
0
176
1
290
0
176
1
290
0
176
1
290
0
176
1
290
0
176
1
290
0
176
1
 90
50
176
1
 40
0.0
176
1
 40
1.0
176
1
 90
0
176
1
 62
18
420
0
176
1
 90
50
176
1
 90
3
176
1
 62
5
420
255
176
1
290
0
176
1
 90
50
176
1
 90
50
176
1
 90
50
176
1
290
0
176
1
 90
50
176
1
 62
256
176
0
 40
1.0
176
0
 90
2
176
1
  1
strokes_ogs.tif
176
1
290
0
176
1
 40
1.0
176
1
 40
1.0
176
1
  0
VISUALSTYLE
  5
66
102
{ACAD_REACTORS
330
16
102
}
330
16
100
AcDbVisualStyle
  2
Hidden
 70
6
177
3
291
0
 70
58
 90
2
176
1
 90
2
176
1
 90
0
176
1
 90
1
176
1
 40
0.6
176
1
 40
30.0
176
1
 62
7
420
16777215
176
1
 90
1
176
1
 90
4
176
1
 62
7
176
1
 62
257
176
1
 90
1
176
1
 90
1
176
1
 40
1.0
176
1
 90
8
176
1
 62
7
176
1
 40
1.0
176
1
 90
1
176
1
 90
6
176
1
 90
2
176
1
 62
7
176
1
 90
5
176
1
 90
0
176
1
 90
0
176
1
290
0
176
1
 90
1
176
1
 40
0.0
176
1
 90
0
176
1
290
0
176
1
290
1
176
1
290
1
176
1
290
0
176
1
290
0
176
1
290
0
176
1
290
0
176
1
290
0
176
1
290
0
176
1
 90
50
176
1
 40
0.0
176
1
 40
1.0
176
1
 90
0
176
1
 62
18
420
0
176
1
 90
50
176
1
 90
3
176
1
 62
5
420
255
176
1
290
0
176
1
 90
50
176
1
 90
50
176
1
 90
50
176
1
290
0
176
1
 90
50
176
1
 62
256
176
0
 40
1.0
176
0
 90
2
176
1
  1
strokes_ogs.tif
176
1
290
0
176
1
 40
1.0
176
1
 40
1.0
176
1
  0
VISUALSTYLE
  5
67
102
{ACAD_REACTORS
330
16
102
}
330
16
100
AcDbVisualStyle
  2
JitterOff
 70
20
177
3
291
1
 70
58
 90
2
176
1
 90
2
176
1
 90
0
176
1
 90
2
176
1
 40
0.6
176
1
 40
30.0
176
1
 62
7
420
16777215
176
1
 90
1
176
1
 90
4
176
1
 62
7
176
1
 62
257
176
1
 90
1
176
1
 90
1
176
1
 40
1.0
176
1
 90
8
176
1
 62
7
176
1
 40
1.0
176
1
 90
1
176
1
 90
6
176
1
 90
2
176
1
 62
7
176
1
 90
5
176
1
 90
0
176
1
 90
0
176
1
290
0
176
1
 90
1
176
1
 40
0.0
176
1
 90
0
176
1
290
0
176
1
290
1
176
1
290
1
176
1
290
0
176
1
290
0
176
1
290
0
176
1
290
0
176
1
290
0
176
1
290
0
176
1
 90
50
176
1
 40
0.0
176
1
 40
1.0
176
1
 90
0
176
1
 62
18
420
0
176
1
 90
50
176
1
 90
3
176
1
 62
5
420
255
176
1
290
0
176
1
 90
50
176
1
 90
50
176
1
 90
50
176
1
290
0
176
1
 90
50
176
1
 62
256
176
0
 40
1.0
176
0
 90
2
176
1
  1
strokes_ogs.tif
176
1
290
0
176
1
 40
1.0
176
1
 40
1.0
176
1
  0
VISUALSTYLE
  5
68
102
{ACAD_REACTORS
330
16
102
}
330
16
100
AcDbVisualStyle
  2
Linepattern
 70
14
177
3
291
1
 70
58
 90
2
176
1
 90
2
176
1
 90
0
176
1
 90
2
176
1
 40
0.6
176
1
 40
30.0
176
1
 62
7
420
16777215
176
1
 90
1
176
1
 90
4
176
1
 62
7
176
1
 62
257
176
1
 90
1
176
1
 90
1
176
1
 40
1.0
176
1
 90
8
176
1
 62
7
176
1
 40
1.0
176
1
 90
1
176
1
 90
6
176
1
 90
2
176
1
 62
7
176
1
 90
5
176
1
 90
0
176
1
 90
0
176
1
290
0
176
1
 90
1
176
1
 40
0.0
176
1
 90
0
176
1
290
0
176
1
290
1
176
1
290
1
176
1
290
0
176
1
290
0
176
1
290
0
176
1
290
0
176
1
290
0
176
1
290
0
176
1
 90
50
176
1
 40
0.0
176
1
 40
1.0
176
1
 90
0
176
1
 62
18
420
0
176
1
 90
50
176
1
 90
3
176
1
 62
5
420
255
176
1
290
0
176
1
 90
50
176
1
 90
50
176
1
 90
50
176
1
290
0
176
1
 90
50
176
1
 62
256
176
0
 40
1.0
176
0
 90
2
176
1
  1
strokes_ogs.tif
176
1
290
0
176
1
 40
1.0
176
1
 40
1.0
176
1
  0
VISUALSTYLE
  5
69
102
{ACAD_REACTORS
330
16
102
}
330
16
100
AcDbVisualStyle
  2
Modeling
 70
10
177
3
291
0
 70
58
 90
2
176
1
 90
2
176
1
 90
0
176
1
 90
2
176
1
 40
0.6
176
1
 40
30.0
176
1
 62
7
420
16777215
176
1
 90
1
176
1
 90
4
176
1
 62
7
176
1
 62
257
176
1
 90
1
176
1
 90
1
176
1
 40
1.0
176
1
 90
8
176
1
 62
7
176
1
 40
1.0
176
1
 90
1
176
1
 90
6
176
1
 90
2
176
1
 62
7
176
1
 90
5
176
1
 90
0
176
1
 90
0
176
1
290
0
176
1
 90
1
176
1
 40
0.0
176
1
 90
0
176
1
290
0
176
1
290
1
176
1
290
1
176
1
290
0
176
1
290
0
176
1
290
0
176
1
290
0
176
1
290
0
176
1
290
0
176
1
 90
50
176
1
 40
0.0
176
1
 40
1.0
176
1
 90
0
176
1
 62
18
420
0
176
1
 90
50
176
1
 90
3
176
1
 62
5
420
255
176
1
290
0
176
1
 90
50
176
1
 90
50
176
1
 90
50
176
1
290
0
176
1
 90
50
176
1
 62
256
176
0
 40
1.0
176
0
 90
2
176
1
  1
strokes_ogs.tif
176
1
290
0
176
1
 40
1.0
176
1
 40
1.0
176
1
  0
VISUALSTYLE
  5
6A
102
{ACAD_REACTORS
330
16
102
}
330
16
100
AcDbVisualStyle
  2
OverhangOff
 70
21
177
3
291
1
 70
58
 90
2
176
1
 90
2
176
1
 90
0
176
1
 90
2
176
1
 40
0.6
176
1
 40
30.0
176
1
 62
7
420
16777215
176
1
 90
1
176
1
 90
4
176
1
 62
7
176
1
 62
257
176
1
 90
1
176
1
 90
1
176
1
 40
1.0
176
1
 90
8
176
1
 62
7
176
1
 40
1.0
176
1
 90
1
176
1
 90
6
176
1
 90
2
176
1
 62
7
176
1
 90
5
176
1
 90
0
176
1
 90
0
176
1
290
0
176
1
 90
1
176
1
 40
0.0
176
1
 90
0
176
1
290
0
176
1
290
1
176
1
290
1
176
1
290
0
176
1
290
0
176
1
290
0
176
1
290
0
176
1
290
0
176
1
290
0
176
1
 90
50
176
1
 40
0.0
176
1
 40
1.0
176
1
 90
0
176
1
 62
18
420
0
176
1
 90
50
176
1
 90
3
176
1
 62
5
420
255
176
1
290
0
176
1
 90
50
176
1
 90
50
176
1
 90
50
176
1
290
0
176
1
 90
50
176
1
 62
256
176
0
 40
1.0
176
0
 90
2
176
1
  1
strokes_ogs.tif
176
1
290
0
176
1
 40
1.0
176
1
 40
1.0
176
1
  0
VISUALSTYLE
  5
6B
102
{ACAD_REACTORS
330
16
102
}
330
16
100
AcDbVisualStyle
  2
Realistic
 70
8
177
3
291
0
 70
58
 90
2
176
1
 90
2
176
1
 90
0
176
1
 90
2
176
1
 40
0.6
176
1
 40
30.0
176
1
 62
7
420
16777215
176
1
 90
1
176
1
 90
4
176
1
 62
7
176
1
 62
257
176
1
 90
1
176
1
 90
1
176
1
 40
1.0
176
1
 90
8
176
1
 62
7
176
1
 40
1.0
176
1
 90
1
176
1
 90
6
176
1
 90
2
176
1
 62
7
176
1
 90
5
176
1
 90
0
176
1
 90
0
176
1
290
0
176
1
 90
1
176
1
 40
0.0
176
1
 90
0
176
1
290
0
176
1
290
1
176
1
290
1
176
1
290
0
176
1
290
0
176
1
290
0
176
1
290
0
176
1
290
0
176
1
290
0
176
1
 90
50
176
1
 40
0.0
176
1
 40
1.0
176
1
 90
0
176
1
 62
18
420
0
176
1
 90
50
176
1
 90
3
176
1
 62
5
420
255
176
1
290
0
176
1
 90
50
176
1
 90
50
176
1
 90
50
176
1
290
0
176
1
 90
50
176
1
 62
256
176
0
 40
1.0
176
0
 90
2
176
1
  1
strokes_ogs.tif
176
1
290
0
176
1
 40
1.0
176
1
 40
1.0
176
1
  0
VISUALSTYLE
  5
6C
102
{ACAD_REACTORS
330
16
102
}
330
16
100
AcDbVisualStyle
  2
Shaded
 70
27
177
3
291
0
 70
58
 90
2
176
1
 90
2
176
1
 90
0
176
1
 90
2
176
1
 40
0.6
176
1
 40
30.0
176
1
 62
7
420
16777215
176
1
 90
1
176
1
 90
4
176
1
 62
7
176
1
 62
257
176
1
 90
1
176
1
 90
1
176
1
 40
1.0
176
1
 90
8
176
1
 62
7
176
1
 40
1.0
176
1
 90
1
176
1
 90
6
176
1
 90
2
176
1
 62
7
176
1
 90
5
176
1
 90
0
176
1
 90
0
176
1
290
0
176
1
 90
1
176
1
 40
0.0
176
1
 90
0
176
1
290
0
176
1
290
1
176
1
290
1
176
1
290
0
176
1
290
0
176
1
290
0
176
1
290
0
176
1
290
0
176
1
290
0
176
1
 90
50
176
1
 40
0.0
176
1
 40
1.0
176
1
 90
0
176
1
 62
18
420
0
176
1
 90
50
176
1
 90
3
176
1
 62
5
420
255
176
1
290
0
176
1
 90
50
176
1
 90
50
176
1
 90
50
176
1
290
0
176
1
 90
50
176
1
 62
256
176
0
 40
1.0
176
0
 90
2
176
1
  1
strokes_ogs.tif
176
1
290
0
176
1
 40
1.0
176
1
 40
1.0
176
1
  0
VISUALSTYLE
  5
6D
102
{ACAD_REACTORS
330
16
102
}
330
16
100
AcDbVisualStyle
  2
Shaded with edges
 70
26
177
3
291
0
 70
58
 90
2
176
1
 90
2
176
1
 90
0
176
1
 90
2
176
1
 40
0.6
176
1
 40
30.0
176
1
 62
7
420
16777215
176
1
 90
1
176
1
 90
4
176
1
 62
7
176
1
 62
257
176
1
 90
1
176
1
 90
1
176
1
 40
1.0
176
1
 90
8
176
1
 62
7
176
1
 40
1.0
176
1
 90
1
176
1
 90
6
176
1
 90
2
176
1
 62
7
176
1
 90
5
176
1
 90
0
176
1
 90
0
176
1
290
0
176
1
 90
1
176
1
 40
0.0
176
1
 90
0
176
1
290
0
176
1
290
1
176
1
290
1
176
1
290
0
176
1
290
0
176
1
290
0
176
1
290
0
176
1
290
0
176
1
290
0
176
1
 90
50
176
1
 40
0.0
176
1
 40
1.0
176
1
 90
0
176
1
 62
18
420
0
176
1
 90
50
176
1
 90
3
176
1
 62
5
420
255
176
1
290
0
176
1
 90
50
176
1
 90
50
176
1
 90
50
176
1
290
0
176
1
 90
50
176
1
 62
256
176
0
 40
1.0
176
0
 90
2
176
1
  1
strokes_ogs.tif
176
1
290
0
176
1
 40
1.0
176
1
 40
1.0
176
1
  0
VISUALSTYLE
  5
6E
102
{ACAD_REACTORS
330
16
102
}
330
16
100
AcDbVisualStyle
  2
Shades of Gray
 70
23
177
3
291
0
 70
58
 90
2
176
1
 90
2
176
1
 90
0
176
1
 90
2
176
1
 40
0.6
176
1
 40
30.0
176
1
 62
7
420
16777215
176
1
 90
1
176
1
 90
4
176
1
 62
7
176
1
 62
257
176
1
 90
1
176
1
 90
1
176
1
 40
1.0
176
1
 90
8
176
1
 62
7
176
1
 40
1.0
176
1
 90
1
176
1
 90
6
176
1
 90
2
176
1
 62
7
176
1
 90
5
176
1
 90
0
176
1
 90
0
176
1
290
0
176
1
 90
1
176
1
 40
0.0
176
1
 90
0
176
1
290
0
176
1
290
1
176
1
290
1
176
1
290
0
176
1
290
0
176
1
290
0
176
1
290
0
176
1
290
0
176
1
290
0
176
1
 90
50
176
1
 40
0.0
176
1
 40
1.0
176
1
 90
0
176
1
 62
18
420
0
176
1
 90
50
176
1
 90
3
176
1
 62
5
420
255
176
1
290
0
176
1
 90
50
176
1
 90
50
176
1
 90
50
176
1
290
0
176
1
 90
50
176
1
 62
256
176
0
 40
1.0
176
0
 90
2
176
1
  1
strokes_ogs.tif
176
1
290
0
176
1
 40
1.0
176
1
 40
1.0
176
1
  0
VISUALSTYLE
  5
6F
102
{ACAD_REACTORS
330
16
102
}
330
16
100
AcDbVisualStyle
  2
Sketchy
 70
24
177
3
291
0
 70
58
 90
2
176
1
 90
2
176
1
 90
0
176
1
 90
1
176
1
 40
0.6
176
1
 40
30.0
176
1
 62
7
420
16777215
176
1
 90
1
176
1
 90
4
176
1
 62
7
176
1
 62
257
176
1
 90
1
176
1
 90
1
176
1
 40
1.0
176
1
 90
8
176
1
 62
7
176
1
 40
1.0
176
1
 90
1
176
1
 90
6
176
1
 90
2
176
1
 62
7
176
1
 90
5
176
1
 90
0
176
1
 90
0
176
1
290
0
176
1
 90
1
176
1
 40
0.0
176
1
 90
0
176
1
290
0
176
1
290
1
176
1
290
1
176
1
290
0
176
1
290
0
176
1
290
0
176
1
290
0
176
1
290
0
176
1
290
0
176
1
 90
50
176
1
 40
0.0
176
1
 40
1.0
176
1
 90
0
176
1
 62
18
420
0
176
1
 90
50
176
1
 90
3
176
1
 62
5
420
255
176
1
290
0
176
1
 90
50
176
1
 90
50
176
1
 90
50
176
1
290
0
176
1
 90
50
176
1
 62
256
176
0
 40
1.0
176
0
 90
2
176
1
  1
strokes_ogs.tif
176
1
290
0
176
1
 40
1.0
176
1
 40
1.0
176
1
  0
VISUALSTYLE
  5
70
102
{ACAD_REACTORS
330
16
102
}
330
16
100
AcDbVisualStyle
  2
Thicken
 70
13
177
3
291
1
 70
58
 90
2
176
1
 90
2
176
1
 90
0
176
1
 90
2
176
1
 40
0.6
176
1
 40
30.0
176
1
 62
7
420
16777215
176
1
 90
1
176
1
 90
4
176
1
 62
7
176
1
 62
257
176
1
 90
1
176
1
 90
1
176
1
 40
1.0
176
1
 90
8
176
1
 62
7
176
1
 40
1.0
176
1
 90
1
176
1
 90
6
176
1
 90
2
176
1
 62
7
176
1
 90
5
176
1
 90
0
176
1
 90
0
176
1
290
0
176
1
 90
1
176
1
 40
0.0
176
1
 90
0
176
1
290
0
176
1
290
1
176
1
290
1
176
1
290
0
176
1
290
0
176
1
290
0
176
1
290
0
176
1
290
0
176
1
290
0
176
1
 90
50
176
1
 40
0.0
176
1
 40
1.0
176
1
 90
0
176
1
 62
18
420
0
176
1
 90
50
176
1
 90
3
176
1
 62
5
420
255
176
1
290
0
176
1
 90
50
176
1
 90
50
176
1
 90
50
176
1
290
0
176
1
 90
50
176
1
 62
256
176
0
 40
1.0
176
0
 90
2
176
1
  1
strokes_ogs.tif
176
1
290
0
176
1
 40
1.0
176
1
 40
1.0
176
1
  0
VISUALSTYLE
  5
71
102
{ACAD_REACTORS
330
16
102
}
330
16
100
AcDbVisualStyle
  2
Wireframe
 70
5
177
3
291
0
 70
58
 90
2
176
1
 90
2
176
1
 90
0
176
1
 90
0
176
1
 40
0.6
176
1
 40
30.0
176
1
 62
7
420
16777215
176
1
 90
1
176
1
 90
4
176
1
 62
7
176
1
 62
257
176
1
 90
1
176
1
 90
1
176
1
 40
1.0
176
1
 90
8
176
1
 62
7
176
1
 40
1.0
176
1
 90
1
176
1
 90
6
176
1
 90
2
176
1
 62
7
176
1
 90
5
176
1
 90
0
176
1
 90
0
176
1
290
0
176
1
 90
1
176
1
 40
0.0
176
1
 90
0
176
1
290
0
176
1
290
1
176
1
290
1
176
1
290
0
176
1
290
0
176
1
290
0
176
1
290
0
176
1
290
0
176
1
290
0
176
1
 90
50
176
1
 40
0.0
176
1
 40
1.0
176
1
 90
0
176
1
 62
18
420
0
176
1
 90
50
176
1
 90
3
176
1
 62
5
420
255
176
1
290
0
176
1
 90
50
176
1
 90
50
176
1
 90
50
176
1
290
0
176
1
 90
50
176
1
 62
256
176
0
 40
1.0
176
0
 90
2
176
1
  1
strokes_ogs.tif
176
1
290
0
176
1
 40
1.0
176
1
 40
1.0
176
1
  0
VISUALSTYLE
  5
72
102
{ACAD_REACTORS
330
16
102
}
330
16
100
AcDbVisualStyle
  2
X-Ray
 70
25
177
3
291
0
 70
58
 90
2
176
1
 90
2
176
1
 90
0
176
1
 90
2
176
1
 40
0.5
176
1
 40
30.0
176
1
 62
7
420
16777215
176
1
 90
1
176
1
 90
4
176
1
 62
7
176
1
 62
257
176
1
 90
1
176
1
 90
1
176
1
 40
1.0
176
1
 90
8
176
1
 62
7
176
1
 40
1.0
176
1
 90
1
176
1
 90
6
176
1
 90
2
176
1
 62
7
176
1
 90
5
176
1
 90
0
176
1
 90
0
176
1
290
0
176
1
 90
1
176
1
 40
0.0
176
1
 90
0
176
1
290
0
176
1
290
1
176
1
290
1
176
1
290
0
176
1
290
0
176
1
290
0
176
1
290
0
176
1
290
0
176
1
290
0
176
1
 90
50
176
1
 40
0.0
176
1
 40
1.0
176
1
 90
0
176
1
 62
18
420
0
176
1
 90
50
176
1
 90
3
176
1
 62
5
420
255
176
1
290
0
176
1
 90
50
176
1
 90
50
176
1
 90
50
176
1
290
0
176
1
 90
50
176
1
 62
256
176
0
 40
1.0
176
0
 90
2
176
1
  1
strokes_ogs.tif
176
1
290
0
176
1
 40
1.0
176
1
 40
1.0
176
1
  0
DICTIONARYVAR
  5
3AD
330
2D
100
DictionaryVariables
280
0
  1
1.4.4 @ 2026-10-08T12:02:53.425986+00:00
  0
ENDSEC
  0
EOF
